Date;Time UTC;Latitude;Longitude;Depth;Depth Type;Magnitude Type;Magnitude;Region Name;Last Update;Eqid;
2016-06-05;10:38:31;-3.08;125.35;40; ;mb;5.0;BANDA SEA;2016-06-05 11:00;510574;
2016-06-05;06:24:34;-4.62;-104.98;10;f;mb;4.5;CENTRAL EAST PACIFIC RISE;2016-06-05 07:11;510549;
2016-06-05;05:51:12;-29.34;-71.69;30;f;Mw;5.7;OFFSHORE COQUIMBO, CHILE;2016-06-05 09:58;510536;
2016-06-05;04:52:54;-15.37;-71.24;148; ;mb;4.5;SOUTHERN PERU;2016-06-05 09:53;510529;
2016-06-05;04:07:05;-15.93;-74.15;50;f;Mw;5.0;NEAR COAST OF SOUTHERN PERU;2016-06-05 09:23;510527;
2016-06-05;02:47:52;28.90;128.13;191; ;mb;4.7;RYUKYU ISLANDS, JAPAN;2016-06-05 09:18;510516;
2016-06-05;01:54:21;16.05;-98.22;10;f;mb;4.7;OFFSHORE OAXACA, MEXICO;2016-06-05 02:17;510513;
2016-06-05;01:53:58;-24.26;-67.04;175; ;mb;4.5;SALTA, ARGENTINA;2016-06-05 09:13;510509;
2016-06-04;21:59:17;-18.25;168.20;55; ;mb;5.2;VANUATU;2016-06-04 22:37;510474;
2016-06-04;21:44:40;2.05;126.69;30; ;mb;4.5;MOLUCCA SEA;2016-06-05 08:41;510480;
2016-06-04;16:38:26;38.21;20.25;10; ;mb;4.7;GREECE;2016-06-04 17:28;510449;
2016-06-04;15:18:21;-5.27;97.80;10; ;mb;4.8;SOUTHWEST OF SUMATRA, INDONESIA;2016-06-04 22:29;510441;
2016-06-04;10:44:09;0.50;126.39;14;f;Mw;5.4;MOLUCCA SEA;2016-06-04 22:33;510412;
2016-06-04;09:18:42;-15.64;-173.13;60; ;Mw;5.2;TONGA;2016-06-04 22:11;510404;
2016-06-04;06:31:36;-20.73;-177.74;469; ;mb;4.6;FIJI REGION;2016-06-04 22:07;510386;
2016-06-04;05:56:28;31.83;128.84;10; ;mb;4.8;NORTHWEST OF RYUKYU ISLANDS;2016-06-04 22:05;510384;
2016-06-04;05:00:03;0.67;-29.18;10;f;mb;4.8;CENTRAL MID-ATLANTIC RIDGE;2016-06-04 05:21;510379;
2016-06-04;03:18:44;-1.61;100.10;44; ;mb;4.6;SOUTHERN SUMATRA, INDONESIA;2016-06-04 21:56;510366;
2016-06-03;21:00:31;24.37;126.46;10;f;mb;4.7;RYUKYU ISLANDS, JAPAN;2016-06-04 21:25;510304;
2016-06-03;20:40:22;-0.07;123.69;147; ;M ;4.5;SULAWESI, INDONESIA;2016-06-04 07:03;510387;
2016-06-03;20:17:04;-19.96;-63.19;578; ;mb;4.6;SANTA CRUZ, BOLIVIA;2016-06-04 21:21;510279;
2016-06-03;19:27:39;-6.79;105.09;60; ;mb;4.7;SUNDA STRAIT, INDONESIA;2016-06-04 21:18;510275;
2016-06-03;18:23:10;54.13;169.44;13;f;Mw;5.3;KOMANDORSKIYE OSTROVA REGION;2016-06-04 21:13;510269;
2016-06-03;15:51:46;52.48;-33.89;10;f;mb;4.6;REYKJANES RIDGE;2016-06-04 20:59;510253;
2016-06-03;13:40:11;-49.31;148.43;15; ;Mw;5.1;SOUTH OF TASMANIA;2016-06-04 20:53;510229;
2016-06-03;11:50:10;20.57;120.56;10; ;mb;4.9;PHILIPPINE ISLANDS REGION;2016-06-03 14:54;510210;
2016-06-03;08:28:56;-16.31;-175.90;345; ;mb;4.9;TONGA;2016-06-03 11:37;510180;
2016-06-03;08:00:25;26.88;130.20;20;f;mb;4.7;SOUTHEAST OF RYUKYU ISLANDS;2016-06-03 11:36;510177;
2016-06-03;07:01:19;55.53;-158.56;39; ;mb;4.7;ALASKA PENINSULA;2016-06-03 12:57;510161;
2016-06-03;04:12:26;-16.90;-70.50;40; ;mb;4.7;SOUTHERN PERU;2016-06-03 07:04;510148;
2016-06-02;23:39:24;12.60;-89.16;60; ;mb;4.7;OFFSHORE EL SALVADOR;2016-06-03 07:02;510112;
2016-06-02;22:41:29;12.72;58.00;10; ;mb;4.6;OWEN FRACTURE ZONE REGION;2016-06-03 07:00;510098;
2016-06-02;21:18:06;-18.01;65.48;10;f;mb;4.6;MAURITIUS - REUNION REGION;2016-06-03 06:54;510083;
2016-06-02;17:07:03;22.37;143.60;126; ;mb;4.6;VOLCANO ISLANDS, JAPAN REGION;2016-06-03 06:39;510069;
2016-06-02;15:19:36;-32.84;179.53;361; ;mb;4.8;SOUTH OF KERMADEC ISLANDS;2016-06-03 06:36;510043;
2016-06-02;15:01:25;-0.23;124.14;91; ;mb;4.9;MOLUCCA SEA;2016-06-03 06:36;510039;
2016-06-02;11:17:10;-7.11;117.16;487; ;mb;4.6;BALI SEA;2016-06-02 12:52;510001;
2016-06-02;11:02:49;-23.58;-177.64;263; ;mb;5.1;SOUTH OF FIJI ISLANDS;2016-06-02 12:50;509999;
2016-06-02;10:49:13;36.53;11.12;10; ;ML;4.5;TUNISIA;2016-06-02 11:48;509997;
2016-06-02;05:18:49;-8.72;118.44;121; ;mb;4.7;SUMBAWA REGION, INDONESIA;2016-06-02 06:45;509957;
2016-06-02;02:43:08;17.99;-105.85;30; ;mb;4.6;OFF COAST OF JALISCO, MEXICO;2016-06-02 07:48;509915;
2016-06-02;02:23:10;18.05;-105.85;30; ;Mw;5.7;OFF COAST OF JALISCO, MEXICO;2016-06-02 09:17;509908;
2016-06-02;00:01:27;-16.86;-70.50;10; ;mb;5.2;SOUTHERN PERU;2016-06-02 07:11;509899;
2016-06-01;22:56:01;-2.09;100.64;55;f;Mw;6.4;KEP. MENTAWAI REGION, INDONESIA;2016-06-02 07:13;509878;
2016-06-01;21:31:00;-13.51;-75.08;80; ;Mw;4.9;CENTRAL PERU;2016-06-02 07:11;509856;
2016-06-01;19:50:42;-9.30;113.00;60; ;mb;4.7;SOUTH OF JAVA, INDONESIA;2016-06-02 07:06;509845;
2016-06-01;17:30:00;-56.72;-26.71;130; ;mb;4.7;SOUTH SANDWICH ISLANDS REGION;2016-06-01 21:12;509852;
2016-06-01;15:37:25;-30.21;-177.94;60;f;Mw;5.5;KERMADEC ISLANDS, NEW ZEALAND;2016-06-02 06:59;509824;
2016-06-01;15:24:57;-5.26;151.85;56; ;Mw;4.8;NEW BRITAIN REGION, P.N.G.;2016-06-02 06:58;509822;
2016-06-01;15:00:53;0.27;-80.52;10; ;mb;4.7;NEAR COAST OF ECUADOR;2016-06-02 06:56;509821;
2016-06-01;12:25:02;18.51;-105.27;30; ;mb;4.8;OFFSHORE JALISCO, MEXICO;2016-06-02 06:54;509799;
2016-06-01;10:05:19;0.24;-80.44;30; ;Mw;5.1;NEAR COAST OF ECUADOR;2016-06-02 07:10;509783;
2016-06-01;08:37:33;-37.18;178.15;60; ;mb;4.9;OFF E. COAST OF N. ISLAND, N.Z.;2016-06-02 06:54;509774;
2016-06-01;08:30:21;17.92;-105.83;12;f;Mw;5.4;OFF COAST OF JALISCO, MEXICO;2016-06-02 07:10;509758;
2016-06-01;07:53:07;-22.57;-68.54;87; ;mb;4.8;ANTOFAGASTA, CHILE;2016-06-01 12:32;509749;
2016-06-01;07:17:30;51.20;-179.72;60; ;mb;4.7;ANDREANOF ISLANDS, ALEUTIAN IS.;2016-06-01 08:30;509745;
2016-06-01;00:51:10;-15.84;-69.57;240; ;mb;4.5;SOUTHERN PERU;2016-06-01 09:11;509706;
2016-05-31;20:51:23;55.60;-158.52;40; ;Mw;5.7;ALASKA PENINSULA;2016-06-01 09:01;509666;
2016-05-31;16:29:48;13.18;120.68;60; ;mb;4.8;MINDORO, PHILIPPINES;2016-06-01 06:57;509634;
2016-05-31;13:38:48;28.84;142.82;10;f;mb;4.8;BONIN ISLANDS, JAPAN REGION;2016-06-01 06:55;509627;
2016-05-31;12:06:44;-11.50;119.75;10; ;mb;4.8;SOUTH OF SUMBA, INDONESIA;2016-05-31 12:58;509618;
2016-05-31;11:32:15;9.51;126.21;60;f;mb;4.7;MINDANAO, PHILIPPINES;2016-05-31 14:34;509614;
2016-05-31;10:22:28;-21.15;-178.72;584; ;mb;4.5;FIJI REGION;2016-05-31 14:33;509608;
2016-05-31;10:03:59;47.57;154.26;10; ;Mw;5.8;KURIL ISLANDS;2016-05-31 13:04;509606;
2016-05-31;06:30:24;6.80;-73.15;142; ;ML;4.5;NORTHERN COLOMBIA;2016-05-31 06:41;509585;
2016-05-31;05:23:47;25.57;122.51;247; ;Mw;6.3;TAIWAN REGION;2016-05-31 07:05;509576;
2016-05-31;04:32:15;-56.12;-26.19;10;f;mb;4.9;SOUTH SANDWICH ISLANDS REGION;2016-05-31 07:04;509572;
2016-05-31;02:14:41;12.66;-89.17;45; ;mb;4.7;OFFSHORE EL SALVADOR;2016-05-31 07:04;509559;
2016-05-31;01:50:12;-45.18;167.40;98; ;M ;4.6;SOUTH ISLAND OF NEW ZEALAND;2016-05-31 02:00;509554;
2016-05-30;22:27:34;-3.92;129.57;20;f;Mw;4.9;SERAM, INDONESIA;2016-05-31 07:02;509535;
2016-05-30;17:50:51;24.24;122.51;48; ;mb;4.6;TAIWAN REGION;2016-06-02 14:49;509491;
2016-05-30;17:25:11;-55.61;-26.63;10;f;mb;4.8;SOUTH SANDWICH ISLANDS REGION;2016-06-02 14:51;510038;
2016-05-30;16:27:29;-3.53;149.79;10;f;mb;4.6;BISMARCK SEA;2016-05-31 06:57;509474;
2016-05-30;15:35:09;-61.67;-54.65;10;f;mb;4.6;SOUTH SHETLAND ISLANDS;2016-05-30 16:30;509469;
2016-05-30;12:46:18;2.44;128.56;237; ;mb;4.5;HALMAHERA, INDONESIA;2016-05-30 14:53;509456;
2016-05-30;12:41:54;-31.65;-71.45;48; ;mb;4.8;COQUIMBO, CHILE;2016-05-31 07:46;509455;
2016-05-30;10:55:17;-30.38;-177.92;30;f;mb;5.4;KERMADEC ISLANDS, NEW ZEALAND;2016-05-30 13:09;509449;
2016-05-30;10:25:34;-22.41;170.44;59; ;mb;4.9;SOUTHEAST OF LOYALTY ISLANDS;2016-05-30 11:39;509451;
2016-05-30;09:47:47;24.42;126.46;10; ;mb;5.2;RYUKYU ISLANDS, JAPAN;2016-05-30 13:06;509428;
2016-05-30;07:35:58;-49.42;-7.92;15;f;mb;5.2;SOUTHERN MID-ATLANTIC RIDGE;2016-05-30 11:28;509404;
2016-05-30;07:24:12;-31.28;-177.62;35;f;mb;4.8;KERMADEC ISLANDS REGION;2016-05-30 07:57;509407;
2016-05-30;07:14:18;-30.24;-178.01;50;f;Mw;5.6;KERMADEC ISLANDS, NEW ZEALAND;2016-05-30 11:26;509399;
2016-05-30;05:14:43;-55.60;-26.64;34; ;mb;4.8;SOUTH SANDWICH ISLANDS REGION;2016-05-31 13:53;509624;
2016-05-30;03:20:46;12.19;144.50;40; ;mb;4.8;GUAM REGION;2016-05-30 06:56;509379;
2016-05-30;01:03:16;-3.74;131.53;40; ;mb;4.8;CERAM SEA, INDONESIA;2016-05-30 06:54;509362;
2016-05-29;23:19:04;-3.87;150.48;475; ;mb;4.5;NEW IRELAND REGION, P.N.G.;2016-05-30 06:52;509351;
2016-05-29;23:17:48;-31.76;-72.26;10;f;mb;4.6;OFFSHORE COQUIMBO, CHILE;2016-05-30 06:51;509349;
2016-05-29;20:23:52;-3.54;144.64;27; ;mb;4.8;NEAR N COAST OF NEW GUINEA, PNG.;2016-05-29 21:06;509326;
2016-05-29;18:20:19;-7.36;129.00;165; ;Mw;4.9;KEPULAUAN BABAR, INDONESIA;2016-05-29 19:58;509310;
2016-05-29;16:44:51;12.61;-89.32;30;f;mb;4.5;OFFSHORE EL SALVADOR;2016-05-30 14:55;509318;
2016-05-29;16:20:00;17.19;146.17;100; ;mb;4.6;ALAMAGAN REG, N. MARIANA ISLANDS;2016-05-29 19:56;509301;
2016-05-29;15:31:21;24.32;125.21;30; ;mb;4.6;SOUTHWESTERN RYUKYU ISL., JAPAN;2016-05-29 19:56;509293;
2016-05-29;15:15:37;-13.41;-142.33;10;f;mb;4.6;TUAMOTU ARCHIPELAGO REGION;2016-05-30 13:06;509295;
2016-05-29;06:46:00;36.10;70.89;96; ;mb;4.5;HINDU KUSH REGION, AFGHANISTAN;2016-05-29 08:42;509243;
2016-05-29;05:58:38;10.67;-41.03;10; ;Mw;5.1;NORTHERN MID-ATLANTIC RIDGE;2016-05-29 08:25;509234;
2016-05-29;05:22:09;35.03;142.39;10;f;mb;4.5;OFF EAST COAST OF HONSHU, JAPAN;2016-05-30 06:47;509248;
2016-05-29;05:10:47;20.46;120.37;10;f;mb;4.5;PHILIPPINE ISLANDS REGION;2016-05-29 08:22;509232;
2016-05-29;03:02:49;-45.22;166.96;16; ;M ;4.6;OFF W. COAST OF S. ISLAND, N.Z.;2016-05-29 03:20;509206;
2016-05-29;02:14:36;31.49;104.59;10; ;mb;4.5;EASTERN SICHUAN, CHINA;2016-05-29 05:23;509203;
2016-05-29;00:43:06;-16.78;167.32;10;f;mb;4.9;VANUATU;2016-05-29 08:17;509193;
2016-05-28;23:54:53;36.38;3.53;10;f;Mw;5.2;NORTHERN ALGERIA;2016-05-30 07:02;509181;
2016-05-28;21:03:23;-8.94;126.67;40;f;mb;5.0;EAST TIMOR REGION;2016-05-29 08:14;509154;
2016-05-28;19:10:36;41.16;68.17;10;f;mb;4.6;CENTRAL KAZAKHSTAN;2016-05-29 08:16;509139;
2016-05-28;17:12:24;-55.56;-26.40;25; ;mb;4.7;SOUTH SANDWICH ISLANDS REGION;2016-05-30 13:42;509160;
2016-05-28;16:38:44;-32.51;122.49;10;f;mb;5.0;WESTERN AUSTRALIA;2016-05-29 08:09;509122;
2016-05-28;15:30:28;-32.54;122.42;10;f;mb;4.9;WESTERN AUSTRALIA;2016-05-29 08:11;509114;
2016-05-28;09:46:58;-56.26;-26.96;70;f;Mw;7.2;SOUTH SANDWICH ISLANDS REGION;2016-05-30 12:38;509072;
2016-05-28;09:39:10;27.93;85.38;10;f;mb;4.8;NEPAL;2016-05-29 08:08;509071;
2016-05-28;09:01:25;33.74;139.67;141; ;mb;4.7;IZU ISLANDS, JAPAN REGION;2016-05-29 08:07;509063;
2016-05-28;05:45:30;-39.22;176.41;7; ;M ;4.6;NORTH ISLAND OF NEW ZEALAND;2016-05-28 05:50;509045;
2016-05-28;05:38:49;-21.98;-178.19;399; ;Mw;6.9;FIJI REGION;2016-05-30 07:00;509043;
2016-05-28;04:43:30;7.34;-35.93;10; ;mb;5.2;CENTRAL MID-ATLANTIC RIDGE;2016-05-28 06:13;509038;
2016-05-27;23:24:23;-19.66;-68.98;111; ;mb;4.5;TARAPACA, CHILE;2016-05-28 06:18;508981;
2016-05-27;23:22:05;-14.77;167.38;185; ;mb;4.5;VANUATU;2016-05-28 06:18;508999;
2016-05-27;22:00:28;40.40;-125.38;18; ;Mw;4.5;OFFSHORE NORTHERN CALIFORNIA;2016-05-28 02:15;508975;
2016-05-27;18:46:38;54.71;161.61;51; ;mb;4.5;NEAR EAST COAST OF KAMCHATKA;2016-05-28 06:19;508957;
2016-05-27;15:03:43;-4.89;152.51;60; ;Mw;5.1;NEW BRITAIN REGION, P.N.G.;2016-05-28 06:22;508924;
2016-05-27;13:39:49;2.65;128.29;126; ;mb;4.9;HALMAHERA, INDONESIA;2016-05-27 14:54;508914;
2016-05-27;13:36:27;-24.99;-69.00;100; ;mb;4.5;ANTOFAGASTA, CHILE;2016-05-28 06:22;508927;
2016-05-27;10:00:47;-8.44;-74.97;128; ;mb;5.2;CENTRAL PERU;2016-05-27 14:53;508888;
2016-05-27;06:11:16;41.56;72.93;15; ;mb;4.6;KYRGYZSTAN;2016-05-27 09:05;508860;
2016-05-27;05:31:25;-17.14;167.76;30; ;mb;5.0;VANUATU;2016-05-27 07:03;508848;
2016-05-27;05:03:06;26.45;96.73;40; ;mb;4.6;MYANMAR;2016-05-27 07:02;508847;
2016-05-27;04:11:24;-36.34;177.79;364; ;M ;4.8;OFF E. COAST OF N. ISLAND, N.Z.;2016-05-27 04:15;508830;
2016-05-27;04:08:41;-20.77;-178.68;545; ;Mw;6.5;FIJI REGION;2016-05-27 07:01;508828;
2016-05-27;03:58:43;26.93;130.18;10;f;mb;4.7;SOUTHEAST OF RYUKYU ISLANDS;2016-05-27 14:53;508833;
2016-05-27;03:46:39;26.90;130.28;10; ;mb;5.5;SOUTHEAST OF RYUKYU ISLANDS;2016-05-27 12:27;508905;
2016-05-27;03:44:29;26.96;130.24;10; ;Mw;5.9;SOUTHEAST OF RYUKYU ISLANDS;2016-05-27 06:44;508822;
2016-05-27;03:25:51;6.97;126.44;27; ;mb;4.5;MINDANAO, PHILIPPINES;2016-05-27 03:45;508821;
2016-05-26;21:52:01;-23.61;-179.91;538; ;mb;4.5;SOUTH OF FIJI ISLANDS;2016-05-26 22:49;508788;
2016-05-26;20:36:49;-29.95;-71.88;10;f;mb;4.6;OFFSHORE COQUIMBO, CHILE;2016-05-27 06:38;508779;
2016-05-26;20:07:50;41.13;142.98;45; ;mb;4.5;HOKKAIDO, JAPAN REGION;2016-05-27 14:52;508782;
2016-05-26;20:00:55;47.14;150.76;10; ;mb;4.8;KURIL ISLANDS;2016-05-27 06:37;508777;
2016-05-26;18:40:27;-5.18;145.99;138; ;mb;4.7;EASTERN NEW GUINEA REG., P.N.G.;2016-05-27 06:36;508765;
2016-05-26;13:25:23;46.53;150.00;158; ;mb;4.6;KURIL ISLANDS;2016-05-27 06:36;508749;
2016-05-26;13:09:54;-33.81;-178.27;10; ;mb;5.2;SOUTH OF KERMADEC ISLANDS;2016-05-27 06:35;508740;
2016-05-26;10:54:01;-8.65;128.51;30;f;mb;4.9;TIMOR SEA;2016-05-26 13:43;508730;
2016-05-26;01:02:36;11.51;-85.66;210; ;Mw;5.2;NICARAGUA;2016-05-30 06:59;508647;
2016-05-26;00:30:13;41.38;72.47;2; ;mb;4.7;KYRGYZSTAN;2016-05-26 04:21;508641;
2016-05-26;00:08:01;-18.81;-69.30;126; ;mb;4.6;TARAPACA, CHILE;2016-05-26 04:21;508638;
2016-05-25;23:01:21;29.27;142.44;20;f;mb;4.9;IZU ISLANDS, JAPAN REGION;2016-05-26 04:20;508629;
2016-05-25;20:30:23;39.54;144.88;10; ;mb;4.6;OFF EAST COAST OF HONSHU, JAPAN;2016-05-25 21:58;508608;
2016-05-25;19:10:18;8.89;126.58;50;f;mb;4.9;MINDANAO, PHILIPPINES;2016-05-26 04:17;508582;
2016-05-25;08:36:14;34.74;26.20;25;f;Mw;5.4;CRETE, GREECE;2016-05-25 11:08;508496;
2016-05-25;06:08:06;5.19;125.07;289; ;mb;4.5;MINDANAO, PHILIPPINES;2016-05-25 09:38;508464;
2016-05-25;05:22:46;41.05;142.27;62; ;mb;4.9;HOKKAIDO, JAPAN REGION;2016-05-25 06:42;508456;
2016-05-24;22:20:17;18.60;145.29;521; ;mb;4.8;PAGAN REG., N. MARIANA ISLANDS;2016-05-25 06:26;508408;
2016-05-24;21:03:17;0.36;-79.83;10;f;mb;4.6;NEAR COAST OF ECUADOR;2016-05-25 06:27;508394;
2016-05-24;19:54:17;-20.76;-178.79;573; ;mb;4.5;FIJI REGION;2016-05-26 18:05;508760;
2016-05-24;17:52:02;37.61;57.56;10;f;mb;4.7;NORTHEASTERN IRAN;2016-05-25 06:33;508367;
2016-05-24;17:43:27;13.92;45.46;10;f;mb;4.8;NEAR THE COAST OF YEMEN;2016-05-25 06:35;508363;
2016-05-24;16:35:21;-2.75;-78.76;97; ;Mw;4.9;ECUADOR;2016-05-25 06:36;508352;
2016-05-24;09:48:05;40.11;142.05;60; ;mb;4.6;NEAR EAST COAST OF HONSHU, JAPAN;2016-05-24 13:35;508307;
2016-05-24;07:23:27;-34.04;-177.44;15; ;mb;4.7;SOUTH OF KERMADEC ISLANDS;2016-05-24 07:54;508298;
2016-05-24;00:29:34;-18.68;-69.35;117; ;mb;4.8;TARAPACA, CHILE;2016-05-24 06:39;508244;
2016-05-23;23:57:32;17.36;120.62;66; ;mb;4.8;LUZON, PHILIPPINES;2016-05-24 06:37;508236;
2016-05-23;21:40:07;-14.96;167.55;134; ;mb;4.7;VANUATU;2016-05-23 22:11;508194;
2016-05-23;21:14:01;-7.04;125.18;522; ;mb;4.5;KEPULAUAN BARAT DAYA, INDONESIA;2016-05-24 06:37;508189;
2016-05-23;19:20:40;16.80;-93.70;141; ;Mw;5.3;CHIAPAS, MEXICO;2016-05-24 06:36;508183;
2016-05-23;18:13:59;21.86;143.98;132; ;mb;4.5;MARIANA ISLANDS REGION;2016-05-26 08:45;508606;
2016-05-23;16:42:58;35.57;140.22;60; ;mb;4.5;NEAR EAST COAST OF HONSHU, JAPAN;2016-05-24 06:34;508175;
2016-05-23;15:17:43;31.14;129.23;20; ;mb;4.8;KYUSHU, JAPAN;2016-05-24 06:34;508158;
2016-05-23;14:17:15;36.41;141.06;52; ;mb;4.6;NEAR EAST COAST OF HONSHU, JAPAN;2016-05-24 06:33;508151;
2016-05-23;13:33:36;22.26;-45.07;10;f;mb;4.7;NORTHERN MID-ATLANTIC RIDGE;2016-05-24 06:32;508159;
2016-05-23;07:57:54;0.34;97.78;10; ;mb;4.5;NIAS REGION, INDONESIA;2016-05-23 14:25;508118;
2016-05-23;06:54:00;44.32;152.36;10; ;mb;4.5;EAST OF KURIL ISLANDS;2016-05-23 14:24;508105;
2016-05-23;03:43:12;-22.10;-67.35;176; ;mb;4.9;POTOSI, BOLIVIA;2016-05-23 06:47;508073;
2016-05-22;23:58:12;20.54;120.50;10;f;mb;4.6;PHILIPPINE ISLANDS REGION;2016-05-23 06:41;508042;
2016-05-22;14:51:22;13.73;-90.47;76; ;mb;5.0;OFFSHORE GUATEMALA;2016-05-22 20:50;508004;
2016-05-22;13:40:40;84.45;107.29;2; ;mb;4.7;NORTH OF SEVERNAYA ZEMLYA;2016-05-22 20:48;507995;
2016-05-22;12:20:43;-22.38;-64.24;10;f;mb;5.4;TARIJA, BOLIVIA;2016-05-22 20:47;507989;
2016-05-22;11:47:09;-30.61;-71.77;30; ;mb;5.1;OFFSHORE COQUIMBO, CHILE;2016-05-22 20:45;507985;
2016-05-22;09:08:07;41.67;120.13;30; ;mb;4.8;LIAONING, CHINA;2016-05-22 20:44;507966;
2016-05-22;08:58:31;41.62;23.29;1;f;ML;4.5;BULGARIA;2016-05-23 07:04;507960;
2016-05-22;02:06:20;22.91;120.62;16; ;mb;4.9;TAIWAN;2016-05-22 09:23;507894;
2016-05-22;02:05:55;28.61;87.60;10;f;mb;5.2;WESTERN XIZANG;2016-05-22 09:24;507897;
2016-05-22;01:48:48;28.47;87.61;10;f;Mw;5.4;WESTERN XIZANG;2016-05-23 06:57;507890;
2016-05-22;01:32:31;28.39;87.45;10; ;mb;4.6;WESTERN XIZANG;2016-05-22 09:34;507888;
2016-05-22;01:06:23;84.50;108.06;10;f;mb;4.6;NORTH OF SEVERNAYA ZEMLYA;2016-05-22 09:35;507884;
2016-05-22;01:03:21;15.57;-104.25;10;f;mb;4.5;OFF COAST OF MICHOACAN, MEXICO;2016-05-22 01:38;507887;
2016-05-21;20:51:41;22.92;120.62;16; ;mb;5.0;TAIWAN;2016-05-22 09:46;507839;
2016-05-21;18:23:36;-21.60;-71.78;15; ;mb;4.5;OFF COAST OF ANTOFAGASTA, CHILE;2016-05-22 09:47;507824;
2016-05-21;16:41:30;41.23;20.99;8; ;Mw;4.8;FYR OF MACEDONIA;2016-05-23 06:56;507813;
2016-05-21;16:33:09;41.21;21.00;13;f;Mw;4.7;FYR OF MACEDONIA;2016-05-23 06:53;507808;
2016-05-21;16:04:59;-21.10;-67.54;179; ;ML;4.6;POTOSI, BOLIVIA;2016-05-22 09:54;507806;
2016-05-21;11:34:09;62.40;-152.49;147; ;mb;4.9;CENTRAL ALASKA;2016-05-21 14:15;507767;
2016-05-21;11:14:44;14.98;122.10;10; ;mb;4.8;LUZON, PHILIPPINES;2016-05-21 14:15;507762;
2016-05-21;08:17:35;19.54;146.31;40; ;mb;4.6;MARIANA ISLANDS REGION;2016-05-21 14:20;507735;
2016-05-21;08:10:58;28.11;87.20;10; ;mb;4.5;WESTERN XIZANG;2016-05-21 21:55;507846;
2016-05-21;07:58:58;28.16;87.40;10; ;mb;4.6;WESTERN XIZANG;2016-05-21 10:11;507751;
2016-05-21;07:45:45;-15.24;-172.88;10; ;mb;4.9;SAMOA ISLANDS REGION;2016-05-21 14:18;507726;
2016-05-21;06:06:42;31.01;140.03;137; ;Mw;5.5;IZU ISLANDS, JAPAN REGION;2016-05-21 14:21;507715;
2016-05-21;03:06:52;2.16;126.77;55; ;mb;4.8;MOLUCCA SEA;2016-05-21 14:22;507695;
2016-05-21;03:04:09;1.98;126.66;46; ;mb;4.5;MOLUCCA SEA;2016-05-21 03:24;507696;
2016-05-20;19:33:17;12.75;143.34;88; ;mb;4.6;GUAM REGION;2016-05-27 19:50;507619;
2016-05-20;18:14:04;-25.59;129.85;10;f;Mw;6.0;NORTHERN TERRITORY, AUSTRALIA;2016-05-21 14:28;507606;
2016-05-20;17:55:06;31.58;103.38;23; ;mb;4.6;EASTERN SICHUAN, CHINA;2016-05-27 16:14;508932;
2016-05-20;17:49:27;-2.24;139.11;50; ;mb;4.8;NEAR N COAST OF PAPUA, INDONESIA;2016-05-21 14:39;507600;
2016-05-20;14:18:16;-5.82;146.62;108; ;mb;4.9;EASTERN NEW GUINEA REG., P.N.G.;2016-05-20 15:13;507550;
2016-05-20;14:04:44;44.23;148.01;90; ;mb;5.0;KURIL ISLANDS;2016-05-20 14:27;507545;
2016-05-20;13:30:45;2.52;121.05;667; ;mb;4.8;CELEBES SEA;2016-05-20 15:12;507541;
2016-05-20;12:12:52;8.48;-102.82;10;f;mb;4.6;NORTHERN EAST PACIFIC RISE;2016-05-20 12:59;507533;
2016-05-20;11:59:15;28.31;58.60;123; ;mb;4.5;SOUTHEASTERN IRAN;2016-05-20 14:26;507529;
2016-05-20;07:01:07;43.94;-128.22;10; ;Mw;5.0;OFF COAST OF OREGON;2016-05-23 06:50;507498;
2016-05-20;05:22:25;43.15;88.51;14; ;mb;4.7;NORTHERN XINJIANG, CHINA;2016-05-20 06:48;507489;
2016-05-20;04:28:20;27.98;142.90;10;f;mb;4.5;BONIN ISLANDS, JAPAN REGION;2016-05-21 00:01;507664;
2016-05-20;04:09:01;-11.43;66.34;10; ;mb;5.0;MID-INDIAN RIDGE;2016-05-20 06:47;507481;
2016-05-20;03:03:56;-6.93;125.11;529; ;mb;4.8;BANDA SEA;2016-05-20 06:46;507472;
2016-05-19;23:10:25;22.80;93.99;52; ;mb;4.8;MYANMAR-INDIA BORDER REGION;2016-05-20 06:45;507432;
2016-05-19;22:41:15;-30.40;-177.61;14; ;mb;4.5;KERMADEC ISLANDS, NEW ZEALAND;2016-05-28 04:33;509036;
2016-05-19;20:25:41;-28.01;-66.52;157; ;mb;5.0;CATAMARCA, ARGENTINA;2016-05-20 06:45;507413;
2016-05-19;19:08:19;-14.34;166.66;30; ;mb;4.9;VANUATU;2016-05-20 06:43;507407;
2016-05-19;18:28:33;-30.68;-71.49;40; ;mb;4.7;COQUIMBO, CHILE;2016-05-20 06:42;507405;
2016-05-19;18:26:35;-24.46;-179.88;520; ;mb;4.8;SOUTH OF FIJI ISLANDS;2016-05-19 20:03;507409;
2016-05-19;15:29:15;-3.67;131.55;47; ;mb;4.6;CERAM SEA, INDONESIA;2016-05-20 06:41;507387;
2016-05-19;11:50:09;27.00;127.01;115; ;mb;4.8;RYUKYU ISLANDS, JAPAN;2016-05-20 06:40;507362;
2016-05-19;07:05:48;0.60;-80.03;20; ;mb;4.7;NEAR COAST OF ECUADOR;2016-05-20 06:39;507335;
2016-05-18;23:35:15;-10.16;161.15;86; ;mb;4.9;SOLOMON ISLANDS;2016-05-19 06:42;507290;
2016-05-18;22:49:23;60.09;-153.62;142; ;mb;4.5;SOUTHERN ALASKA;2016-05-20 06:38;507287;
2016-05-18;21:04:12;-30.63;-71.79;26;f;mb;4.5;OFFSHORE COQUIMBO, CHILE;2016-05-19 06:41;507274;
2016-05-18;17:57:08;-21.23;-178.77;580; ;mb;4.6;FIJI REGION;2016-05-19 06:39;507245;
2016-05-18;16:57:11;32.13;95.11;15; ;mb;4.6;SOUTHERN QINGHAI, CHINA;2016-05-20 06:38;507279;
2016-05-18;16:46:43;0.43;-79.71;30; ;Mw;6.9;NEAR COAST OF ECUADOR;2016-05-19 06:50;507240;
2016-05-18;15:07:47;-32.84;-109.22;10; ;mb;5.3;SOUTHERN EAST PACIFIC RISE;2016-05-19 06:37;507232;
2016-05-18;14:49:02;-24.46;-67.03;151; ;Mw;5.2;SALTA, ARGENTINA;2016-05-19 06:37;507230;
2016-05-18;13:33:36;37.33;141.80;30;f;mb;4.5;NEAR EAST COAST OF HONSHU, JAPAN;2016-05-19 06:36;507225;
2016-05-18;13:16:20;11.06;-86.54;44; ;mb;4.6;NEAR COAST OF NICARAGUA;2016-05-19 06:36;507219;
2016-05-18;09:39:30;27.94;85.50;10; ;ML;4.6;NEPAL;2016-05-28 10:10;509081;
2016-05-18;07:57:04;0.45;-79.84;40; ;Mw;6.7;NEAR COAST OF ECUADOR;2016-05-18 08:22;507177;
2016-05-18;05:46:19;-24.06;-179.89;530; ;mb;4.7;SOUTH OF FIJI ISLANDS;2016-05-18 14:41;507160;
2016-05-18;00:28:17;5.55;126.53;71; ;mb;4.6;MINDANAO, PHILIPPINES;2016-05-18 00:52;507121;
2016-05-18;00:22:45;23.20;121.70;50; ;mb;4.8;TAIWAN;2016-05-18 06:52;507118;
2016-05-17;23:57:53;-24.31;-67.11;187; ;mb;4.5;SALTA, ARGENTINA;2016-05-18 06:50;507117;
2016-05-17;22:01:53;-55.69;-26.24;10;f;mb;4.9;SOUTH SANDWICH ISLANDS REGION;2016-05-17 23:09;507109;
2016-05-17;21:59:01;-14.76;167.37;146; ;mb;4.6;VANUATU;2016-05-17 22:26;507103;
2016-05-17;21:08:56;-10.06;107.58;10;f;mb;5.1;SOUTH OF JAVA, INDONESIA;2016-05-18 06:49;507097;
2016-05-17;20:36:35;-16.41;167.64;40; ;mb;4.9;VANUATU;2016-05-20 06:37;507266;
2016-05-17;18:41:51;-38.19;-73.77;10; ;ML;5.0;OFFSHORE BIO-BIO, CHILE;2016-05-18 06:47;507086;
2016-05-17;17:05:17;26.08;99.62;51; ;mb;4.8;YUNNAN, CHINA;2016-05-18 06:46;507078;
2016-05-17;16:48:54;26.12;99.67;40;f;mb;5.0;YUNNAN, CHINA;2016-05-18 06:43;507067;
2016-05-17;13:58:19;6.10;126.27;132; ;mb;4.8;MINDANAO, PHILIPPINES;2016-05-17 14:54;507051;
2016-05-17;12:43:51;-5.01;144.51;86; ;mb;4.7;NEW GUINEA, PAPUA NEW GUINEA;2016-05-17 14:53;507044;
2016-05-17;11:36:56;30.77;142.16;10;f;mb;4.7;IZU ISLANDS, JAPAN REGION;2016-05-17 12:59;507034;
2016-05-17;10:34:20;12.01;143.56;10;f;mb;4.8;GUAM REGION;2016-05-17 13:06;507024;
2016-05-17;10:18:39;52.51;-168.56;20; ;mb;4.8;FOX ISLANDS, ALEUTIAN ISLANDS;2016-05-17 13:20;507016;
2016-05-17;04:55:59;-5.23;151.85;60; ;mb;5.2;NEW BRITAIN REGION, P.N.G.;2016-05-17 06:56;506963;
2016-05-17;03:52:06;-4.29;152.94;48; ;mb;4.9;NEW BRITAIN REGION, P.N.G.;2016-05-17 13:35;506966;
2016-05-17;02:02:12;-8.95;-108.05;10; ;Mw;5.2;CENTRAL EAST PACIFIC RISE;2016-05-17 09:10;507005;
2016-05-17;01:47:48;24.41;142.06;87; ;mb;5.2;VOLCANO ISLANDS, JAPAN REGION;2016-05-17 06:52;506943;
2016-05-17;00:41:13;-29.80;-177.69;40; ;mb;4.9;KERMADEC ISLANDS, NEW ZEALAND;2016-05-17 06:51;506938;
2016-05-17;00:24:37;39.80;75.48;60; ;mb;4.5;SOUTHERN XINJIANG, CHINA;2016-05-17 06:50;506935;
2016-05-16;23:04:15;-6.30;154.64;89; ;mb;4.7;BOUGAINVILLE REGION, P.N.G.;2016-05-17 13:38;506928;
2016-05-16;21:57:33;36.00;139.98;51; ;mb;4.6;EASTERN HONSHU, JAPAN;2016-05-17 06:47;506910;
2016-05-16;21:55:04;36.03;140.01;51; ;mb;4.5;NEAR EAST COAST OF HONSHU, JAPAN;2016-05-16 22:19;506908;
2016-05-16;12:23:03;36.01;139.83;55; ;mb;5.4;EASTERN HONSHU, JAPAN;2016-05-16 13:31;506840;
2016-05-16;11:24:07;-17.26;175.93;20;f;mb;5.3;FIJI REGION;2016-05-16 13:36;506831;
2016-05-16;10:05:09;-55.77;-27.30;30;f;mb;5.0;SOUTH SANDWICH ISLANDS REGION;2016-05-16 13:33;506821;
2016-05-16;09:19:04;36.34;3.46;10; ;mb;4.7;NORTHERN ALGERIA;2016-05-17 07:13;506817;
2016-05-16;08:50:19;31.79;131.73;40; ;mb;4.7;KYUSHU, JAPAN;2016-05-16 09:40;506803;
2016-05-16;08:26:36;13.90;146.48;10;f;mb;4.7;MARIANA ISLANDS REGION;2016-05-16 09:01;506804;
2016-05-16;07:15:00;13.39;-91.03;10; ;mb;5.0;OFFSHORE GUATEMALA;2016-05-16 09:43;506788;
2016-05-16;06:39:05;8.56;-103.09;10; ;Mw;5.5;NORTHERN EAST PACIFIC RISE;2016-05-17 07:07;506778;
2016-05-16;04:39:11;12.46;126.10;10;f;mb;4.6;PHILIPPINE ISLANDS REGION;2016-05-26 00:20;508637;
2016-05-16;03:13:13;-14.60;166.71;49; ;mb;4.7;VANUATU;2016-05-16 09:48;506745;
2016-05-16;03:02:32;-14.37;166.76;35;f;mb;4.6;VANUATU;2016-05-25 22:31;508609;
2016-05-16;02:01:05;-14.33;166.81;35; ;mb;4.5;VANUATU;2016-05-25 02:50;508450;
2016-05-16;01:45:59;28.56;34.65;10; ;mb;4.9;EGYPT;2016-05-17 07:11;506731;
2016-05-16;01:22:13;36.77;144.20;10; ;M ;5.2;OFF EAST COAST OF HONSHU, JAPAN;2016-05-16 05:20;506762;
2016-05-16;00:51:13;-13.76;-73.01;26; ;mb;4.5;CENTRAL PERU;2016-05-23 05:26;508084;
2016-05-16;00:48:36;-22.16;172.96;38; ;mb;4.5;SOUTHEAST OF LOYALTY ISLANDS;2016-05-27 23:30;508982;
2016-05-16;00:41:53;-22.44;173.00;10;f;Mw;5.9;SOUTHEAST OF LOYALTY ISLANDS;2016-05-16 02:04;506721;
2016-05-15;23:14:44;-16.42;-172.82;153; ;mb;4.6;SAMOA ISLANDS REGION;2016-05-27 23:02;508979;
2016-05-15;21:27:32;36.69;23.02;16; ;mb;4.5;SOUTHERN GREECE;2016-05-15 22:44;506695;
2016-05-15;19:13:58;-27.98;-178.16;62; ;mb;4.7;KERMADEC ISLANDS REGION;2016-05-15 20:14;506683;
2016-05-15;18:04:07;-6.11;154.50;54; ;mb;5.0;BOUGAINVILLE REGION, P.N.G.;2016-05-15 22:46;506673;
2016-05-15;17:02:32;39.95;75.54;1; ;mb;5.2;SOUTHERN XINJIANG, CHINA;2016-05-15 17:28;506670;
2016-05-15;16:59:16;39.76;75.46;60; ;mb;4.6;SOUTHERN XINJIANG, CHINA;2016-05-15 22:48;506669;
2016-05-15;12:04:55;52.64;-167.97;20;f;Mw;5.4;FOX ISLANDS, ALEUTIAN ISLANDS;2016-05-17 07:14;506635;
2016-05-15;11:00:38;-20.81;174.27;23; ;mb;4.8;VANUATU REGION;2016-05-16 10:26;506822;
2016-05-15;09:51:40;0.59;-80.37;40; ;mb;4.7;NEAR COAST OF ECUADOR;2016-05-15 12:21;506622;
2016-05-15;09:42:12;-29.24;-69.37;100; ;mb;4.6;SAN JUAN, ARGENTINA;2016-05-15 12:22;506621;
2016-05-15;07:23:27;-14.34;166.83;10; ;mb;5.2;VANUATU;2016-05-15 12:23;506612;
2016-05-15;06:24:18;-14.40;166.82;40; ;mb;4.7;VANUATU;2016-05-15 12:24;506607;
2016-05-15;05:51:00;63.12;-151.01;131; ;Mw;5.3;CENTRAL ALASKA;2016-05-15 12:25;506603;
2016-05-15;04:13:44;51.68;157.88;89; ;mb;4.6;NEAR EAST COAST OF KAMCHATKA;2016-05-15 12:26;506590;
2016-05-15;01:10:45;39.32;142.14;60; ;mb;4.7;NEAR EAST COAST OF HONSHU, JAPAN;2016-05-15 12:29;506569;
2016-05-14;23:37:27;28.99;142.96;10;f;mb;4.8;BONIN ISLANDS, JAPAN REGION;2016-05-15 12:30;506566;
2016-05-14;22:52:24;-22.39;173.04;30;f;mb;5.0;SOUTHEAST OF LOYALTY ISLANDS;2016-05-15 12:31;506562;
2016-05-14;22:45:53;27.82;85.30;10; ;mb;4.5;NEPAL;2016-05-15 12:32;506561;
2016-05-14;20:52:11;-6.90;101.80;10; ;mb;5.6;SOUTHWEST OF SUMATRA, INDONESIA;2016-05-14 21:45;506548;
2016-05-14;19:07:29;8.57;-102.79;10; ;mb;4.7;NORTHERN EAST PACIFIC RISE;2016-05-14 21:38;506540;
2016-05-14;18:21:06;8.69;-102.81;10; ;Mw;5.8;NORTHERN EAST PACIFIC RISE;2016-05-14 21:43;506534;
2016-05-14;03:44:49;1.57;127.84;33; ;mb;4.7;HALMAHERA, INDONESIA;2016-05-14 04:04;506457;
2016-05-14;03:12:02;24.17;121.78;13; ;mb;4.5;TAIWAN;2016-05-14 13:51;506452;
2016-05-14;01:19:14;28.09;52.49;10;f;mb;4.6;SOUTHERN IRAN;2016-05-14 13:52;506448;
2016-05-13;23:09:29;0.58;-25.02;10;f;mb;4.7;CENTRAL MID-ATLANTIC RIDGE;2016-05-27 03:40;508820;
2016-05-13;21:17:46;43.00;46.51;70; ;Mw;4.8;CAUCASUS REGION, RUSSIA;2016-05-17 07:16;506420;
2016-05-13;19:11:35;-22.84;179.26;563; ;mb;4.5;SOUTH OF FIJI ISLANDS;2016-05-14 15:54;506396;
2016-05-13;19:05:50;31.07;129.42;10; ;Mw;5.0;KYUSHU, JAPAN;2016-05-13 21:37;506394;
2016-05-13;18:48:35;-23.02;179.14;565; ;mb;4.5;SOUTH OF FIJI ISLANDS;2016-05-14 14:38;506393;
2016-05-13;15:16:01;-25.34;178.41;623; ;mb;4.7;SOUTH OF FIJI ISLANDS;2016-05-13 15:29;506354;
2016-05-13;13:19:14;24.08;125.82;19; ;mb;4.5;SOUTHWESTERN RYUKYU ISL., JAPAN;2016-05-27 10:24;508890;
2016-05-13;12:57:27;-25.55;179.36;514; ;Mw;5.6;SOUTH OF FIJI ISLANDS;2016-05-18 06:53;506328;
2016-05-13;12:13:58;1.76;127.41;109; ;mb;4.5;HALMAHERA, INDONESIA;2016-05-13 21:43;506317;
2016-05-13;10:03:16;4.97;127.60;107; ;mb;5.1;KEPULAUAN TALAUD, INDONESIA;2016-05-13 21:45;506293;
2016-05-13;08:24:12;24.69;122.04;10; ;mb;5.1;TAIWAN REGION;2016-05-13 08:53;506281;
2016-05-13;07:01:10;30.61;66.59;10;f;mb;5.4;PAKISTAN;2016-05-13 08:09;506275;
2016-05-13;06:59:31;30.67;66.51;10;f;Mw;5.2;PAKISTAN;2016-05-13 08:07;506271;
2016-05-13;03:36:16;-7.05;125.20;523; ;mb;4.5;KEPULAUAN BARAT DAYA, INDONESIA;2016-05-13 08:12;506242;
2016-05-13;00:54:54;-22.92;179.17;563; ;mb;4.5;SOUTH OF FIJI ISLANDS;2016-05-13 08:23;506196;
2016-05-13;00:07:20;12.02;125.08;60; ;mb;4.9;SAMAR, PHILIPPINES;2016-05-13 08:26;506192;
2016-05-13;00:04:53;10.70;-41.79;10;f;mb;4.5;NORTHERN MID-ATLANTIC RIDGE;2016-05-24 02:46;508271;
2016-05-12;23:09:27;-15.77;-75.05;10; ;mb;4.7;NEAR COAST OF CENTRAL PERU;2016-05-13 08:27;506186;
2016-05-12;22:28:20;31.17;129.20;10;f;mb;4.5;KYUSHU, JAPAN;2016-05-13 08:31;506181;
2016-05-12;22:08:32;4.01;92.59;10;f;mb;4.5;OFF W COAST OF NORTHERN SUMATRA;2016-05-21 05:31;506176;
2016-05-12;21:36:35;-53.49;141.31;10;f;mb;4.5;WEST OF MACQUARIE ISLAND;2016-05-22 03:17;507903;
2016-05-12;20:43:37;4.06;92.57;10;f;mb;4.8;OFF W COAST OF NORTHERN SUMATRA;2016-05-13 08:32;506166;
2016-05-12;20:22:51;3.86;92.53;10; ;mb;4.5;OFF W COAST OF NORTHERN SUMATRA;2016-05-13 08:33;506165;
2016-05-12;19:55:21;3.95;92.51;10;f;mb;4.6;OFF W COAST OF NORTHERN SUMATRA;2016-05-13 08:36;506164;
2016-05-12;19:04:06;24.61;125.01;20;f;mb;4.5;SOUTHWESTERN RYUKYU ISL., JAPAN;2016-05-13 08:38;506174;
2016-05-12;18:23:50;-11.47;116.96;10;f;mb;5.0;SOUTH OF LOMBOK, INDONESIA;2016-05-13 08:39;506149;
2016-05-12;18:03:48;-30.52;-71.95;20; ;mb;4.5;OFFSHORE COQUIMBO, CHILE;2016-05-13 08:42;506150;
2016-05-12;17:47:41;-33.99;-73.19;20;f;mb;4.6;OFF COAST OF VALPARAISO, CHILE;2016-05-13 08:44;506147;
2016-05-12;17:43:39;37.62;141.90;40; ;mb;4.6;NEAR EAST COAST OF HONSHU, JAPAN;2016-05-13 08:45;506145;
2016-05-12;16:03:17;32.69;130.57;8; ;mb;4.5;KYUSHU, JAPAN;2016-05-13 14:00;506148;
2016-05-12;12:39:53;27.50;139.98;490; ;mb;4.5;BONIN ISLANDS, JAPAN REGION;2016-05-13 08:47;506108;
2016-05-12;10:03:36;5.41;126.60;73; ;mb;4.9;MINDANAO, PHILIPPINES;2016-05-13 08:49;506096;
2016-05-12;07:54:12;24.50;94.43;10;f;mb;5.0;MYANMAR-INDIA BORDER REGION;2016-05-13 08:52;506081;
2016-05-12;06:32:31;43.43;146.61;80; ;mb;5.1;KURIL ISLANDS;2016-05-12 08:30;506074;
2016-05-12;04:29:56;24.70;122.03;14; ;Mw;5.6;TAIWAN REGION;2016-05-12 08:32;506056;
2016-05-12;03:37:59;32.93;138.12;345; ;mb;4.5;IZU ISLANDS, JAPAN REGION;2016-05-12 08:33;506087;
2016-05-12;03:17:16;24.66;121.94;10; ;Mw;5.8;TAIWAN;2016-05-12 08:35;506043;
2016-05-12;03:02:36;36.21;71.50;87; ;mb;4.6;PAKISTAN;2016-05-12 08:36;506046;
2016-05-12;00:21:25;-7.25;107.60;163; ;mb;4.5;JAVA, INDONESIA;2016-05-12 05:29;506066;
2016-05-11;21:39:13;1.48;125.93;92; ;mb;4.6;MOLUCCA SEA;2016-05-12 08:47;506011;
2016-05-11;21:27:40;-6.78;127.52;409; ;mb;4.5;BANDA SEA;2016-05-12 08:49;506010;
2016-05-11;21:01:44;-8.07;-74.49;161; ;mb;4.5;CENTRAL PERU;2016-05-25 02:47;508449;
2016-05-11;19:55:18;-40.92;175.47;32;f;Mw;4.8;NORTH ISLAND OF NEW ZEALAND;2016-05-17 13:16;505995;
2016-05-11;19:16:54;43.81;148.44;30; ;mb;4.5;EAST OF KURIL ISLANDS;2016-05-12 08:53;505997;
2016-05-11;19:15:32;-40.96;175.49;28; ;mb;4.5;NORTH ISLAND OF NEW ZEALAND;2016-05-11 20:54;506000;
2016-05-11;17:59:36;-27.86;-71.35;20;f;mb;4.8;OFFSHORE ATACAMA, CHILE;2016-05-12 08:55;505985;
2016-05-11;16:44:48;11.78;144.84;10;f;mb;4.6;SOUTH OF MARIANA ISLANDS;2016-05-25 00:29;508429;
2016-05-11;16:06:11;11.79;144.74;10; ;mb;4.9;SOUTH OF MARIANA ISLANDS;2016-05-12 08:57;505977;
2016-05-11;15:54:39;-33.45;-178.28;10;f;mb;4.6;SOUTH OF KERMADEC ISLANDS;2016-05-24 23:42;506015;
2016-05-11;13:44:23;-38.56;176.55;95; ;Mw;4.9;NORTH ISLAND OF NEW ZEALAND;2016-05-12 08:59;505958;
2016-05-11;13:11:33;-30.64;-71.76;20; ;Mw;5.4;OFFSHORE COQUIMBO, CHILE;2016-05-12 09:00;505954;
2016-05-11;08:52:48;28.10;84.70;33; ;mb;4.8;NEPAL;2016-05-11 09:39;505909;
2016-05-11;08:45:53;-43.59;172.70;7; ;M ;4.7;SOUTH ISLAND OF NEW ZEALAND;2016-05-11 09:00;505907;
2016-05-11;02:28:15;12.85;142.73;147; ;mb;4.5;MARIANA ISLANDS REGION;2016-05-24 22:51;508415;
2016-05-11;01:19:42;27.95;84.93;10; ;mb;4.5;NEPAL-INDIA BORDER REGION;2016-05-26 00:48;505854;
2016-05-11;01:15:47;32.06;95.17;10; ;Mw;5.5;SOUTHERN QINGHAI, CHINA;2016-05-11 11:40;505850;
2016-05-10;21:55:39;-37.82;-73.95;20;f;mb;4.5;OFFSHORE BIO-BIO, CHILE;2016-05-11 11:45;505832;
2016-05-10;17:21:00;57.66;-33.06;10; ;mb;4.9;REYKJANES RIDGE;2016-05-11 11:48;505801;
2016-05-10;15:24:45;-0.80;133.35;43; ;mb;4.7;NEAR N COAST OF PAPUA, INDONESIA;2016-05-11 11:51;505791;
2016-05-10;13:20:19;29.27;51.94;10;f;mb;4.5;SOUTHERN IRAN;2016-05-10 14:41;505779;
2016-05-10;09:44:37;-16.41;118.84;10;f;mb;5.0;NORTHWEST OF AUSTRALIA;2016-05-10 14:39;505753;
2016-05-10;07:04:26;43.76;148.53;30; ;mb;4.5;EAST OF KURIL ISLANDS;2016-05-10 14:39;505724;
2016-05-10;05:56:37;43.78;148.49;21; ;mb;4.9;EAST OF KURIL ISLANDS;2016-05-10 08:38;505716;
2016-05-10;05:44:56;43.82;148.42;35; ;mb;4.8;EAST OF KURIL ISLANDS;2016-05-10 07:24;505715;
2016-05-10;04:02:26;43.83;148.49;34;f;mb;5.1;EAST OF KURIL ISLANDS;2016-05-10 07:23;505707;
2016-05-09;23:04:37;-50.70;114.90;10;f;mb;4.6;WESTERN INDIAN-ANTARCTIC RIDGE;2016-05-22 02:35;507899;
2016-05-09;20:37:04;10.97;-86.88;22; ;mb;4.6;OFF COAST OF COSTA RICA;2016-05-09 23:09;505654;
2016-05-09;16:03:47;11.33;91.56;10; ;Mw;5.1;ANDAMAN ISLANDS, INDIA REGION;2016-05-10 07:01;505543;
2016-05-09;15:47:26;69.16;-53.54;15;f;mb;4.5;WESTERN GREENLAND;2016-05-10 07:01;505561;
2016-05-09;15:23:51;-23.72;-13.33;10;f;mb;5.0;SOUTHERN MID-ATLANTIC RIDGE;2016-05-10 07:00;505540;
2016-05-09;15:19:05;-6.75;129.70;159; ;Mw;4.9;BANDA SEA;2016-05-10 06:59;505537;
2016-05-09;14:46:03;-56.23;-27.78;127; ;mb;5.0;SOUTH SANDWICH ISLANDS REGION;2016-05-10 06:58;505527;
2016-05-09;14:19:38;-21.06;-178.89;613; ;mb;4.8;FIJI REGION;2016-05-10 06:57;505520;
2016-05-09;13:36:27;16.18;-60.60;30;f;mb;5.0;GUADELOUPE REGION, LEEWARD ISL.;2016-05-09 13:54;505516;
2016-05-09;07:27:04;-37.45;176.97;106; ;mb;4.6;NORTH ISLAND OF NEW ZEALAND;2016-05-09 13:18;505506;
2016-05-09;04:21:16;-8.78;117.60;129; ;mb;4.7;SUMBAWA REGION, INDONESIA;2016-05-09 06:56;505406;
2016-05-09;01:41:44;8.02;125.66;35; ;mb;4.5;MINDANAO, PHILIPPINES;2016-05-22 23:10;508033;
2016-05-09;01:33:33;-62.58;165.34;10;f;Mw;5.5;BALLENY ISLANDS REGION;2016-05-20 01:12;505834;
2016-05-09;01:22:45;-7.26;-74.85;137; ;mb;4.5;NORTHERN PERU;2016-05-09 06:52;505381;
2016-05-08;19:05:59;-24.81;-69.44;90; ;Mw;4.7;ANTOFAGASTA, CHILE;2016-05-09 06:47;505310;
2016-05-08;17:29:33;-8.45;108.96;50;f;mb;4.5;JAVA, INDONESIA;2016-05-09 06:45;505318;
2016-05-08;16:41:31;-21.79;-179.40;592; ;Mw;5.5;FIJI REGION;2016-05-09 07:01;505283;
2016-05-08;13:48:04;17.65;-61.69;40; ;mb;5.0;ANTIGUA AND BARBUDA REGION;2016-05-08 17:24;505261;
2016-05-08;12:52:35;-42.65;-14.94;14; ;mb;4.7;TRISTAN DA CUNHA REGION;2016-05-21 10:16;507754;
2016-05-08;10:33:11;-32.73;-71.49;30; ;mb;4.8;OFFSHORE VALPARAISO, CHILE;2016-05-08 12:26;505238;
2016-05-08;10:13:54;34.87;86.62;40; ;mb;4.7;WESTERN XIZANG;2016-05-08 12:25;505235;
2016-05-08;07:52:43;14.41;-90.99;134; ;mb;4.7;GUATEMALA;2016-05-08 12:25;505227;
2016-05-08;07:34:02;16.54;-97.70;30; ;Mw;5.9;OAXACA, MEXICO;2016-05-08 08:30;505220;
2016-05-08;07:31:09;-3.22;130.81;10; ;mb;4.9;SERAM, INDONESIA;2016-05-08 08:29;505219;
2016-05-08;02:46:33;23.98;121.05;9; ;mb;4.5;TAIWAN;2016-05-08 08:27;505190;
2016-05-07;19:15:51;44.33;147.57;100; ;mb;4.6;KURIL ISLANDS;2016-05-08 08:24;505133;
2016-05-07;17:30:01;-11.67;166.45;67; ;mb;4.9;SANTA CRUZ ISLANDS;2016-05-08 08:24;505126;
2016-05-07;16:25:43;-17.27;-173.35;127; ;mb;4.8;TONGA;2016-05-07 16:40;505122;
2016-05-07;16:07:08;-0.27;-18.93;10; ;mb;5.2;CENTRAL MID-ATLANTIC RIDGE;2016-05-08 08:23;505118;
2016-05-07;15:28:17;-37.11;-96.22;10; ;mb;4.6;SOUTHEAST OF EASTER ISLAND;2016-05-08 08:22;505116;
2016-05-07;15:15:38;3.07;89.54;10; ;mb;4.7;NORTH INDIAN OCEAN;2016-05-08 08:22;505112;
2016-05-07;14:51:08;24.19;121.82;12; ;mb;4.5;TAIWAN;2016-05-08 08:21;505108;
2016-05-07;14:09:53;-36.62;-70.75;156; ;mb;4.8;NEUQUEN, ARGENTINA;2016-05-07 15:17;505103;
2016-05-07;13:59:00;-17.69;-178.55;529; ;mb;5.3;FIJI REGION;2016-05-07 15:14;505099;
2016-05-07;12:23:13;-6.10;147.48;80; ;mb;4.6;EASTERN NEW GUINEA REG., P.N.G.;2016-05-07 15:13;505092;
2016-05-07;10:51:47;13.67;51.78;10;f;mb;4.9;GULF OF ADEN;2016-05-07 15:12;505085;
2016-05-07;09:16:05;31.21;129.21;10;f;mb;4.7;KYUSHU, JAPAN;2016-05-07 15:11;505076;
2016-05-07;08:38:25;2.54;126.86;73; ;mb;4.5;MOLUCCA SEA;2016-05-07 15:08;505075;
2016-05-07;08:09:23;31.10;129.24;30; ;mb;4.7;KYUSHU, JAPAN;2016-05-07 15:07;505072;
2016-05-07;05:48:25;30.96;129.53;46; ;mb;4.5;KYUSHU, JAPAN;2016-05-07 07:52;505063;
2016-05-07;05:42:18;31.18;129.40;45;f;Mw;5.4;KYUSHU, JAPAN;2016-05-09 07:00;505056;
2016-05-07;04:29:17;-20.00;-174.98;35;f;mb;5.2;TONGA;2016-05-07 07:51;505045;
2016-05-07;02:46:19;-6.52;154.10;10;f;mb;5.0;BOUGAINVILLE REGION, P.N.G.;2016-05-07 07:48;505025;
2016-05-07;01:06:00;18.30;-105.30;10;f;Mw;5.3;OFF COAST OF JALISCO, MEXICO;2016-05-09 07:01;505019;
2016-05-07;00:18:36;18.39;-105.34;10;f;Mw;5.5;OFF COAST OF JALISCO, MEXICO;2016-05-07 07:44;505013;
2016-05-06;23:10:56;-8.91;-74.46;150; ;mb;4.7;CENTRAL PERU;2016-05-07 07:42;505005;
2016-05-06;19:31:59;13.82;144.99;108; ;mb;4.8;GUAM REGION;2016-05-07 07:39;504965;
2016-05-06;15:19:27;45.11;-27.75;10; ;mb;4.8;NORTHERN MID-ATLANTIC RIDGE;2016-05-06 16:50;504937;
2016-05-06;14:52:22;-11.78;-77.76;68; ;mb;4.8;NEAR COAST OF CENTRAL PERU;2016-05-20 10:18;507521;
2016-05-06;12:46:33;59.51;146.39;10; ;mb;4.7;KHABAROVSKIY KRAY, RUSSIA;2016-05-06 16:48;504909;
2016-05-06;06:40:54;19.67;120.22;30; ;mb;4.9;BABUYAN ISL REGION, PHILIPPINES;2016-05-06 16:46;504844;
2016-05-06;05:11:23;31.15;129.24;15;f;Mw;5.0;KYUSHU, JAPAN;2016-05-06 16:45;504836;
2016-05-06;02:04:10;-6.46;104.29;49; ;Mw;5.1;SUNDA STRAIT, INDONESIA;2016-05-06 16:44;504801;
2016-05-06;00:16:02;-19.37;168.78;74; ;mb;4.7;VANUATU;2016-05-06 16:41;504795;
2016-05-05;23:50:05;-2.08;118.76;33; ;mb;4.5;SULAWESI, INDONESIA;2016-05-06 16:40;504797;
2016-05-05;23:44:35;-33.92;-177.98;10; ;mb;4.6;SOUTH OF KERMADEC ISLANDS;2016-05-06 16:50;504790;
2016-05-05;22:34:01;49.73;156.10;60; ;mb;4.7;KURIL ISLANDS;2016-05-06 16:39;504773;
2016-05-05;22:27:06;18.68;-107.13;13; ;Mw;5.5;OFF COAST OF JALISCO, MEXICO;2016-05-06 16:38;504769;
2016-05-05;21:53:29;-7.00;130.53;119; ;mb;4.5;KEP. TANIMBAR REGION, INDONESIA;2016-05-06 16:36;504768;
2016-05-05;20:39:17;1.51;126.50;52; ;mb;5.1;MOLUCCA SEA;2016-05-06 16:35;504759;
2016-05-05;17:21:23;51.65;177.87;72; ;mb;4.8;RAT ISLANDS, ALEUTIAN ISLANDS;2016-05-06 16:29;504707;
2016-05-05;15:52:20;17.62;145.55;211; ;mb;4.7;ALAMAGAN REG, N. MARIANA ISLANDS;2016-05-06 16:29;504701;
2016-05-05;12:43:26;0.02;123.78;127; ;mb;4.9;MINAHASA, SULAWESI, INDONESIA;2016-05-06 16:27;504672;
2016-05-05;12:09:49;2.17;127.15;50;f;mb;4.6;MOLUCCA SEA;2016-05-06 16:26;504667;
2016-05-05;11:01:46;-8.94;-108.28;10; ;Mw;5.6;CENTRAL EAST PACIFIC RISE;2016-05-06 16:26;504660;
2016-05-05;09:05:36;-7.45;158.65;55; ;mb;4.9;SOLOMON ISLANDS;2016-05-06 16:25;504643;
2016-05-05;08:38:29;1.59;127.24;120; ;mb;4.5;HALMAHERA, INDONESIA;2016-05-06 16:24;504642;
2016-05-05;08:21:41;20.38;121.91;30; ;mb;4.5;BATAN ISL REGION, PHILIPPINES;2016-05-06 16:24;504635;
2016-05-05;07:01:47;13.72;51.81;10;f;Mw;5.5;GULF OF ADEN;2016-05-09 07:00;504612;
2016-05-05;05:15:09;-21.85;170.18;30; ;mb;4.8;SOUTHEAST OF LOYALTY ISLANDS;2016-05-06 16:22;504617;
2016-05-05;04:52:48;36.92;71.61;163; ;mb;4.8;TAJIKISTAN;2016-05-05 05:41;504596;
2016-05-05;02:40:52;-21.70;170.02;10; ;mb;4.8;SOUTHEAST OF LOYALTY ISLANDS;2016-05-05 20:11;504744;
2016-05-05;01:40:14;33.10;130.99;10; ;mb;4.8;KYUSHU, JAPAN;2016-05-05 05:33;504594;
2016-05-05;01:31:32;33.04;130.96;10; ;mb;4.8;KYUSHU, JAPAN;2016-05-05 20:03;504742;
2016-05-04;16:38:19;-1.58;-80.87;10; ;mb;4.5;NEAR COAST OF ECUADOR;2016-05-06 16:53;504830;
2016-05-04;16:10:21;38.54;141.83;60; ;mb;4.9;NEAR EAST COAST OF HONSHU, JAPAN;2016-05-05 05:30;504495;
2016-05-04;15:20:57;-0.66;130.01;40; ;mb;4.9;PAPUA REGION, INDONESIA;2016-05-05 05:28;504489;
2016-05-04;14:36:25;-14.85;166.96;34; ;Mw;5.7;VANUATU;2016-05-05 05:27;504481;
2016-05-04;09:56:34;7.63;125.87;60; ;mb;4.7;MINDANAO, PHILIPPINES;2016-05-04 12:13;504448;
2016-05-04;09:24:02;23.23;103.33;15; ;mb;4.5;YUNNAN, CHINA;2016-05-04 10:53;504452;
2016-05-04;07:51:52;23.29;103.37;15; ;mb;4.5;YUNNAN, CHINA;2016-05-04 20:43;504451;
2016-05-04;07:24:42;-23.08;-66.82;242; ;ML;4.5;JUJUY, ARGENTINA;2016-05-04 12:05;504429;
2016-05-04;03:39:25;-32.51;180.00;411; ;M ;4.5;SOUTH OF KERMADEC ISLANDS;2016-05-04 21:10;504548;
2016-05-04;02:42:28;-17.45;-174.06;61; ;mb;4.6;TONGA;2016-05-18 01:33;504828;
2016-05-04;01:49:28;51.81;176.32;45; ;mb;5.0;RAT ISLANDS, ALEUTIAN ISLANDS;2016-05-04 06:24;504392;
2016-05-04;00:34:15;38.85;73.78;122; ;mb;4.7;SOUTHERN XINJIANG, CHINA;2016-05-04 06:23;504414;
2016-05-04;00:28:31;2.22;-84.56;10;f;mb;4.7;OFF COAST OF CENTRAL AMERICA;2016-05-17 01:32;504385;
2016-05-04;00:24:05;-16.22;167.19;10;f;mb;4.5;VANUATU;2016-05-17 01:25;506939;
2016-05-03;23:06:00;-16.25;167.44;10; ;mb;5.0;VANUATU;2016-05-04 06:18;504376;
2016-05-03;22:32:38;-1.80;99.74;60; ;mb;4.5;KEP. MENTAWAI REGION, INDONESIA;2016-05-04 06:17;504373;
2016-05-03;20:27:02;40.38;77.65;20;f;mb;4.5;SOUTHERN XINJIANG, CHINA;2016-05-04 06:16;504358;
2016-05-03;18:27:40;11.97;144.07;45; ;mb;4.6;SOUTH OF MARIANA ISLANDS;2016-05-04 15:04;504486;
2016-05-03;10:41:03;27.97;56.24;52; ;mb;4.5;SOUTHERN IRAN;2016-05-03 11:40;504294;
2016-05-03;07:56:02;13.81;145.14;117; ;mb;4.5;GUAM REGION;2016-05-03 14:40;504284;
2016-05-03;07:46:56;13.73;-91.17;60; ;mb;4.7;OFFSHORE GUATEMALA;2016-05-03 11:26;504276;
2016-05-03;07:08:12;-52.44;12.89;15; ;mb;4.9;SOUTHWEST OF AFRICA;2016-05-14 12:39;504289;
2016-05-03;07:04:53;26.76;61.80;50;f;mb;4.5;IRAN-PAKISTAN BORDER REGION;2016-05-03 11:26;504268;
2016-05-03;03:45:03;0.45;-79.87;45; ;mb;4.6;NEAR COAST OF ECUADOR;2016-05-03 14:39;504303;
2016-05-03;02:34:59;-55.84;-143.88;10;f;Mw;5.6;PACIFIC-ANTARCTIC RIDGE;2016-05-03 06:52;504225;
2016-05-03;00:00:52;43.66;147.53;71; ;Mw;5.7;KURIL ISLANDS;2016-05-03 06:50;504197;
2016-05-02;23:36:45;56.44;163.04;30;f;mb;4.5;NEAR EAST COAST OF KAMCHATKA;2016-05-03 06:49;504211;
2016-05-02;21:49:40;13.67;-91.18;60; ;mb;4.7;OFFSHORE GUATEMALA;2016-05-03 06:47;504185;
2016-05-02;14:29:00;24.17;121.76;15; ;mb;4.6;TAIWAN;2016-05-03 06:42;504134;
2016-05-02;13:38:45;59.52;-144.80;10;f;mb;5.2;GULF OF ALASKA;2016-05-02 15:13;504128;
2016-05-02;12:17:14;-6.12;-107.28;10;f;Mw;5.6;CENTRAL EAST PACIFIC RISE;2016-05-02 14:11;504119;
2016-05-02;11:50:32;12.96;-88.75;75; ;mb;4.8;OFFSHORE EL SALVADOR;2016-05-02 13:32;504113;
2016-05-02;11:40:54;-59.59;-25.97;20; ;mb;4.5;SOUTH SANDWICH ISLANDS REGION;2016-05-14 11:40;506505;
2016-05-02;08:10:19;-4.59;152.47;104; ;mb;5.1;NEW BRITAIN REGION, P.N.G.;2016-05-02 09:32;504087;
2016-05-02;07:37:46;-59.99;-25.93;10;f;mb;5.1;SOUTH SANDWICH ISLANDS REGION;2016-05-02 09:31;504085;
2016-05-02;07:26:49;39.87;145.02;10;f;mb;5.0;OFF EAST COAST OF HONSHU, JAPAN;2016-05-02 09:30;504077;
2016-05-02;06:58:04;59.76;-30.01;10; ;mb;4.6;REYKJANES RIDGE;2016-05-02 09:29;504072;
2016-05-02;06:51:37;-3.18;146.06;10;f;mb;4.8;BISMARCK SEA;2016-05-02 07:09;504074;
2016-05-02;05:24:41;11.88;143.37;10; ;mb;5.1;SOUTH OF MARIANA ISLANDS;2016-05-02 06:45;504050;
2016-05-02;04:37:21;56.99;-157.81;13; ;mb;4.6;ALASKA PENINSULA;2016-05-16 02:41;504049;
2016-05-02;04:21:24;-5.13;104.49;118; ;Mw;5.7;SOUTHERN SUMATRA, INDONESIA;2016-05-02 06:44;504045;
2016-05-02;00:26:47;-37.39;177.38;156; ;mb;5.2;OFF E. COAST OF N. ISLAND, N.Z.;2016-05-02 06:41;504014;
2016-05-01;20:38:45;60.11;-153.07;131; ;mb;4.7;SOUTHERN ALASKA;2016-05-02 06:41;503992;
2016-05-01;20:34:16;-4.90;94.07;10; ;M ;5.0;SOUTHWEST OF SUMATRA, INDONESIA;2016-05-02 07:06;504073;
2016-05-01;18:56:07;-20.77;169.87;80; ;mb;5.1;VANUATU;2016-05-02 06:40;503979;
2016-05-01;17:20:08;52.21;-169.24;30;f;mb;4.9;FOX ISLANDS, ALEUTIAN ISLANDS;2016-05-01 18:41;503969;
2016-05-01;13:53:53;-58.04;-25.47;60;f;mb;4.8;SOUTH SANDWICH ISLANDS REGION;2016-05-09 06:42;504531;
2016-05-01;11:25:56;28.92;142.84;2; ;mb;4.8;BONIN ISLANDS, JAPAN REGION;2016-05-01 18:40;503939;
2016-05-01;10:35:34;18.13;-61.63;20; ;mb;4.8;ANTIGUA AND BARBUDA REGION;2016-05-01 18:39;503932;
2016-05-01;07:22:51;7.63;125.93;54; ;mb;4.8;MINDANAO, PHILIPPINES;2016-05-01 18:38;503912;
2016-05-01;06:16:12;36.43;70.92;111; ;mb;4.5;HINDU KUSH REGION, AFGHANISTAN;2016-05-01 18:37;503907;
2016-05-01;02:35:35;-6.30;154.58;80; ;mb;4.8;BOUGAINVILLE REGION, P.N.G.;2016-05-01 06:16;503880;
2016-05-01;01:42:54;-23.68;179.28;544; ;Mw;5.4;SOUTH OF FIJI ISLANDS;2016-05-02 06:50;503877;
2016-04-30;22:46:56;24.20;121.80;10;f;mb;4.5;TAIWAN;2016-05-01 05:53;503847;
2016-04-30;20:30:39;-16.30;167.65;10;f;Mw;5.1;VANUATU;2016-05-01 05:53;503832;
2016-04-30;13:40:36;43.94;87.00;10;f;mb;4.5;NORTHERN XINJIANG, CHINA;2016-04-30 20:32;503795;
2016-04-30;12:50:43;-59.00;-25.90;98; ;mb;4.7;SOUTH SANDWICH ISLANDS REGION;2016-05-13 12:38;506323;
2016-04-30;12:10:41;-12.27;167.27;264; ;mb;4.5;SANTA CRUZ ISLANDS;2016-05-13 12:24;506318;
2016-04-30;11:35:55;-17.47;167.69;19; ;mb;4.5;VANUATU;2016-05-13 12:12;506315;
2016-04-30;10:31:57;-30.03;-72.73;2; ;mb;4.5;OFF COAST OF COQUIMBO, CHILE;2016-04-30 20:32;503802;
2016-04-30;09:26:29;-16.25;167.23;10; ;Mw;5.0;VANUATU;2016-04-30 20:30;503763;
2016-04-30;08:45:57;-16.29;167.22;7; ;mb;4.7;VANUATU;2016-04-30 09:22;503760;
2016-04-30;08:35:43;-16.25;167.21;10; ;Mw;5.8;VANUATU;2016-04-30 20:30;503754;
2016-04-30;07:54:38;-55.72;-27.77;41; ;mb;4.9;SOUTH SANDWICH ISLANDS REGION;2016-04-30 09:32;503762;
2016-04-30;04:38:27;-16.33;167.14;10;f;mb;5.1;VANUATU;2016-04-30 07:05;503716;
2016-04-30;02:59:47;-4.58;134.39;25;f;mb;4.6;NEAR S COAST OF PAPUA, INDONESIA;2016-04-30 07:04;503706;
2016-04-30;02:49:06;-29.78;-72.05;10;f;mb;4.7;OFFSHORE COQUIMBO, CHILE;2016-04-30 07:04;503705;
2016-04-30;00:36:02;-31.31;-13.52;10;f;Mw;5.5;SOUTHERN MID-ATLANTIC RIDGE;2016-05-02 06:47;503691;
2016-04-29;23:36:28;34.29;26.56;30;f;Mw;4.5;CRETE, GREECE;2016-04-30 07:01;503683;
2016-04-29;23:01:42;-16.17;167.27;35;f;mb;4.5;VANUATU;2016-05-07 03:39;505034;
2016-04-29;22:50:14;-16.13;166.94;19; ;mb;4.8;VANUATU;2016-04-30 04:30;503679;
2016-04-29;22:09:00;-16.30;167.21;30;f;mb;5.0;VANUATU;2016-04-30 07:00;503672;
2016-04-29;20:07:18;-15.06;-173.38;35;f;mb;4.8;TONGA;2016-04-30 16:57;503670;
2016-04-29;17:37:54;6.80;-82.63;15;f;Mw;4.6;SOUTH OF PANAMA;2016-04-30 06:58;503618;
2016-04-29;17:35:19;-7.25;105.91;52; ;mb;4.7;JAVA, INDONESIA;2016-04-30 20:23;503641;
2016-04-29;08:17:31;59.03;-152.75;52; ;mb;5.1;SOUTHERN ALASKA;2016-04-29 11:44;503565;
2016-04-29;06:33:18;-15.46;-73.30;79; ;mb;4.7;SOUTHERN PERU;2016-04-29 06:48;503553;
2016-04-29;04:36:36;39.69;73.98;12; ;mb;4.8;SOUTHERN XINJIANG, CHINA;2016-04-29 06:40;503538;
2016-04-29;01:33:37;10.21;-103.82;10; ;Mw;6.6;NORTHERN EAST PACIFIC RISE;2016-04-29 06:47;503508;
2016-04-29;01:01:54;-16.17;167.18;20;f;mb;5.0;VANUATU;2016-04-29 06:39;503507;
2016-04-29;00:52:45;-16.10;166.94;20;f;mb;4.9;VANUATU;2016-04-29 06:37;503506;
2016-04-28;22:52:02;14.14;145.35;124; ;mb;4.7;ROTA REGION, N. MARIANA ISLANDS;2016-04-29 06:35;503485;
2016-04-28;22:23:18;-37.10;-111.70;10;f;mb;4.7;SOUTHERN EAST PACIFIC RISE;2016-04-30 03:47;503712;
2016-04-28;20:15:10;-7.51;128.24;158; ;mb;4.7;KEPULAUAN BARAT DAYA, INDONESIA;2016-04-29 06:34;503463;
2016-04-28;20:14:47;-36.22;-97.13;10; ;mb;4.7;WEST CHILE RISE;2016-04-29 06:33;503462;
2016-04-28;19:33:24;-16.04;167.48;30; ;Mw;7.0;VANUATU;2016-04-29 06:49;503450;
2016-04-28;13:49:02;9.01;126.27;112; ;mb;4.5;MINDANAO, PHILIPPINES;2016-04-28 19:49;503397;
2016-04-28;08:25:35;12.78;126.16;10;f;mb;4.5;PHILIPPINE ISLANDS REGION;2016-04-28 09:16;503359;
2016-04-28;08:03:35;-28.04;-66.76;167; ;mb;4.5;CATAMARCA, ARGENTINA;2016-04-28 13:42;503353;
2016-04-28;07:34:55;48.37;153.21;144; ;mb;4.6;KURIL ISLANDS;2016-04-28 13:40;503351;
2016-04-28;07:12:19;41.19;142.70;48; ;mb;4.5;HOKKAIDO, JAPAN REGION;2016-04-28 13:33;503358;
2016-04-28;06:46:49;46.05;-1.11;5; ;ML;4.6;FRANCE;2016-05-02 11:13;503343;
2016-04-28;06:30:52;32.79;130.39;10;f;mb;4.9;KYUSHU, JAPAN;2016-04-28 06:54;503341;
2016-04-28;01:17:13;-6.04;154.97;136; ;Mw;5.4;BOUGAINVILLE REGION, P.N.G.;2016-04-28 06:51;503302;
2016-04-28;01:07:12;-3.15;141.11;10; ;mb;4.5;NEW GUINEA, PAPUA NEW GUINEA;2016-04-28 06:50;503299;
2016-04-27;23:50:47;-3.20;141.07;10;f;mb;4.6;NEW GUINEA, PAPUA NEW GUINEA;2016-04-28 06:49;503292;
2016-04-27;21:15:06;24.23;121.82;10; ;mb;4.7;TAIWAN;2016-04-28 06:48;503271;
2016-04-27;18:19:05;23.29;121.47;10; ;mb;5.0;TAIWAN;2016-04-28 06:46;503232;
2016-04-27;17:14:14;-1.20;-13.89;10;f;mb;4.8;NORTH OF ASCENSION ISLAND;2016-04-28 06:45;503227;
2016-04-27;15:27:39;24.28;121.78;10; ;mb;4.9;TAIWAN;2016-04-28 06:40;503203;
2016-04-27;15:17:14;24.21;121.85;10; ;Mw;5.5;TAIWAN;2016-04-28 06:40;503202;
2016-04-27;14:53:48;20.79;121.16;10;f;mb;5.0;BATAN ISL REGION, PHILIPPINES;2016-04-28 06:39;503200;
2016-04-27;14:07:42;-6.23;129.67;100; ;mb;4.6;BANDA SEA;2016-04-28 06:38;503197;
2016-04-27;12:51:23;14.59;-92.93;50; ;Mw;6.0;OFFSHORE CHIAPAS, MEXICO;2016-04-28 06:38;503182;
2016-04-27;10:13:50;-24.12;-66.83;180; ;mb;5.2;SALTA, ARGENTINA;2016-04-27 12:03;503160;
2016-04-27;02:28:53;10.61;-86.99;10;f;mb;4.5;OFF COAST OF COSTA RICA;2016-04-27 02:49;503096;
2016-04-27;02:16:51;-31.63;-67.58;20;f;mb;5.0;SAN JUAN, ARGENTINA;2016-04-27 09:29;503094;
2016-04-27;02:04:03;-52.69;26.03;10; ;mb;5.5;SOUTH OF AFRICA;2016-04-27 06:37;503092;
2016-04-26;23:54:29;-17.44;-174.25;133;f;mb;4.7;TONGA;2016-04-27 12:01;503064;
2016-04-26;22:39:38;43.01;145.94;73; ;mb;4.7;HOKKAIDO, JAPAN REGION;2016-04-27 06:35;503058;
2016-04-26;21:58:35;-0.19;-80.74;10; ;mb;5.3;NEAR COAST OF ECUADOR;2016-04-27 06:34;503055;
2016-04-26;21:07:14;26.45;-44.63;10;f;mb;4.8;NORTHERN MID-ATLANTIC RIDGE;2016-04-27 12:00;503054;
2016-04-26;20:28:40;62.75;-149.67;76; ;Mw;4.6;CENTRAL ALASKA;2016-04-27 06:34;503044;
2016-04-26;19:58:14;-21.15;-68.70;136; ;mb;4.9;ANTOFAGASTA, CHILE;2016-04-27 06:33;503037;
2016-04-26;19:33:26;37.87;143.09;10; ;mb;4.6;OFF EAST COAST OF HONSHU, JAPAN;2016-04-27 06:33;503038;
2016-04-26;19:02:47;24.09;126.31;10;f;mb;4.8;RYUKYU ISLANDS, JAPAN;2016-04-27 06:32;503031;
2016-04-26;18:22:46;50.67;156.41;100; ;mb;4.6;KURIL ISLANDS;2016-04-26 19:33;503033;
2016-04-26;17:31:43;-17.98;-178.45;573; ;mb;4.8;FIJI REGION;2016-04-27 15:56;503017;
2016-04-26;17:18:57;-18.97;-177.04;347; ;mb;4.6;FIJI REGION;2016-04-27 15:42;503015;
2016-04-26;16:12:38;4.54;127.60;136; ;mb;4.5;KEPULAUAN TALAUD, INDONESIA;2016-04-27 06:31;503010;
2016-04-26;15:01:25;38.22;141.63;52; ;mb;5.0;NEAR EAST COAST OF HONSHU, JAPAN;2016-04-27 06:30;502996;
2016-04-26;12:21:08;-11.24;163.43;36; ;mb;4.5;SOLOMON ISLANDS;2016-04-26 13:07;502980;
2016-04-26;12:08:39;-59.38;-26.79;10; ;mb;5.1;SOUTH SANDWICH ISLANDS REGION;2016-04-26 13:18;502974;
2016-04-26;12:04:11;18.56;-103.29;60; ;mb;4.8;MICHOACAN, MEXICO;2016-04-26 13:17;502973;
2016-04-26;10:58:57;-20.93;-178.78;592; ;mb;4.5;FIJI REGION;2016-04-26 11:23;502966;
2016-04-26;09:33:55;39.64;75.28;1; ;mb;4.6;SOUTHERN XINJIANG, CHINA;2016-04-26 09:56;502955;
2016-04-26;08:05:58;-13.98;166.55;4; ;mb;4.5;VANUATU;2016-05-10 08:11;505731;
2016-04-26;04:19:53;-4.48;140.23;92; ;mb;5.6;PAPUA, INDONESIA;2016-04-26 06:40;502923;
2016-04-26;02:08:04;-10.05;-78.68;46; ;mb;4.7;NEAR COAST OF CENTRAL PERU;2016-04-26 06:39;502907;
2016-04-26;01:52:07;10.45;126.18;114; ;mb;4.7;PHILIPPINE ISLANDS REGION;2016-04-26 06:38;502906;
2016-04-26;01:50:15;6.59;-73.46;123; ;mb;4.6;NORTHERN COLOMBIA;2016-04-26 02:07;502905;
2016-04-26;00:33:36;31.71;51.01;10;f;mb;4.6;CENTRAL IRAN;2016-04-26 06:37;502899;
2016-04-25;23:51:57;-4.94;142.76;100;f;mb;4.7;NEW GUINEA, PAPUA NEW GUINEA;2016-04-26 06:36;502898;
2016-04-25;22:51:16;-22.18;-179.42;573; ;mb;4.6;SOUTH OF FIJI ISLANDS;2016-04-27 06:30;502894;
2016-04-25;22:20:48;-30.93;-71.83;20; ;mb;4.7;OFFSHORE COQUIMBO, CHILE;2016-04-26 06:36;502884;
2016-04-25;21:47:15;-55.66;-26.83;10; ;Mw;5.2;SOUTH SANDWICH ISLANDS REGION;2016-04-26 11:03;502863;
2016-04-25;21:15:52;-0.99;-80.79;10;f;mb;4.7;NEAR COAST OF ECUADOR;2016-04-26 06:35;502862;
2016-04-25;20:10:34;-33.74;-72.05;20; ;mb;4.5;OFFSHORE VALPARAISO, CHILE;2016-04-26 06:34;502851;
2016-04-25;18:13:13;21.19;121.24;10; ;mb;5.3;TAIWAN REGION;2016-04-26 06:34;502830;
2016-04-25;14:16:45;51.57;-174.58;40; ;mb;4.8;ANDREANOF ISLANDS, ALEUTIAN IS.;2016-04-26 06:33;502815;
2016-04-25;14:01:46;-32.17;-71.97;20;f;mb;4.6;OFFSHORE VALPARAISO, CHILE;2016-04-26 06:32;502811;
2016-04-25;11:45:07;21.74;143.13;281; ;mb;4.5;MARIANA ISLANDS REGION;2016-04-25 14:48;502801;
2016-04-25;10:01:29;-6.68;153.43;10; ;mb;4.8;NEW BRITAIN REGION, P.N.G.;2016-04-25 14:46;502796;
2016-04-25;09:14:04;14.45;-93.00;46; ;mb;4.8;OFFSHORE CHIAPAS, MEXICO;2016-04-25 11:53;502784;
2016-04-25;08:50:56;46.54;153.57;40; ;mb;4.5;KURIL ISLANDS;2016-04-25 10:08;502790;
2016-04-25;08:34:22;-58.93;-26.35;107; ;mb;4.7;SOUTH SANDWICH ISLANDS REGION;2016-04-25 15:14;502789;
2016-04-25;08:02:45;-17.97;-178.43;597; ;mb;5.4;FIJI REGION;2016-04-25 09:45;502775;
2016-04-25;07:37:01;-14.92;167.47;118; ;mb;4.7;VANUATU;2016-04-25 08:02;502773;
2016-04-25;07:27:31;14.52;-92.91;60; ;mb;4.7;OFFSHORE CHIAPAS, MEXICO;2016-04-25 09:43;502767;
2016-04-25;07:07:09;14.48;-93.04;25;f;Mw;6.0;OFFSHORE CHIAPAS, MEXICO;2016-04-25 11:54;502765;
2016-04-25;07:06:23;-0.11;-80.15;26; ;mb;4.6;NEAR COAST OF ECUADOR;2016-04-25 09:51;502788;
2016-04-25;04:45:46;-14.48;166.66;33; ;mb;4.5;VANUATU;2016-05-06 01:55;504800;
2016-04-25;01:12:43;49.90;155.97;84; ;mb;4.5;KURIL ISLANDS;2016-04-26 06:31;502744;
2016-04-24;22:24:34;-17.56;-173.06;17; ;Mw;5.7;TONGA;2016-04-25 14:50;502691;
2016-04-24;21:43:10;37.02;71.72;115; ;Mw;5.0;TAJIKISTAN;2016-04-25 06:35;502687;
2016-04-24;15:53:57;33.49;-11.45;2; ;mb;4.6;MADEIRA ISLANDS, PORTUGAL REGION;2016-04-24 17:39;502655;
2016-04-24;15:26:14;-17.69;-178.41;529; ;mb;5.1;FIJI REGION;2016-04-24 16:46;502650;
2016-04-24;08:38:01;-59.46;-27.08;20; ;mb;5.5;SOUTH SANDWICH ISLANDS REGION;2016-04-24 16:42;502607;
2016-04-24;04:32:26;-6.97;102.59;10; ;mb;5.3;SOUTHWEST OF SUMATRA, INDONESIA;2016-04-24 16:40;502578;
2016-04-24;00:55:31;-21.32;-70.71;40; ;mb;4.5;OFFSHORE ANTOFAGASTA, CHILE;2016-04-24 16:39;502552;
2016-04-24;00:35:02;-24.20;-67.00;169; ;mb;4.5;SALTA, ARGENTINA;2016-04-24 16:38;502549;
2016-04-24;00:13:31;-0.28;125.29;60; ;mb;4.7;MOLUCCA SEA;2016-04-24 16:37;502545;
2016-04-23;23:11:06;-17.46;-172.50;2; ;mb;5.4;TONGA REGION;2016-04-24 16:34;502533;
2016-04-23;21:02:59;28.28;129.05;82; ;mb;4.6;RYUKYU ISLANDS, JAPAN;2016-04-23 21:26;502517;
2016-04-23;19:50:55;-59.97;-26.91;40; ;mb;5.0;SOUTH SANDWICH ISLANDS REGION;2016-04-24 16:28;502509;
2016-04-23;11:19:04;-6.13;149.55;65; ;mb;4.7;NEW BRITAIN REGION, P.N.G.;2016-04-23 16:28;502443;
2016-04-23;10:40:57;32.07;94.88;10; ;mb;4.7;XIZANG-QINGHAI BORDER REGION;2016-04-23 16:28;502442;
2016-04-23;09:32:57;32.03;95.06;20; ;mb;4.7;SOUTHERN QINGHAI, CHINA;2016-04-23 16:25;502425;
2016-04-23;09:08:37;3.33;125.76;156; ;M ;4.5;KEPULAUAN SANGIHE, INDONESIA;2016-04-23 10:27;502432;
2016-04-23;09:00:26;-24.16;-69.11;89; ;mb;4.6;ANTOFAGASTA, CHILE;2016-04-23 16:24;502422;
2016-04-23;04:16:10;36.96;83.62;12; ;mb;4.5;SOUTHERN XINJIANG, CHINA;2016-04-23 16:23;502400;
2016-04-23;04:06:33;0.67;-80.37;10; ;mb;4.9;NEAR COAST OF ECUADOR;2016-04-23 16:22;502389;
2016-04-23;01:24:33;0.62;-80.27;10;f;Mw;5.8;NEAR COAST OF ECUADOR;2016-04-23 16:21;502378;
2016-04-22;23:14:22;-10.34;165.11;10; ;mb;5.5;SANTA CRUZ ISLANDS;2016-04-23 16:18;502356;
2016-04-22;23:00:58;21.88;102.28;10; ;mb;4.5;LAOS;2016-04-23 16:18;502357;
2016-04-22;19:38:12;-4.46;94.33;15;f;mb;5.1;SOUTHWEST OF SUMATRA, INDONESIA;2016-04-23 16:16;502335;
2016-04-22;18:47:58;1.58;126.63;70; ;mb;5.0;MOLUCCA SEA;2016-04-23 16:13;502329;
2016-04-22;15:55:50;-23.60;-71.12;10; ;mb;4.7;OFF COAST OF ANTOFAGASTA, CHILE;2016-04-23 16:11;502315;
2016-04-22;15:40:23;-10.69;165.13;40; ;mb;5.0;SANTA CRUZ ISLANDS;2016-04-23 16:11;502311;
2016-04-22;15:39:03;-0.80;-80.96;15; ;mb;4.7;NEAR COAST OF ECUADOR;2016-04-25 15:24;502817;
2016-04-22;15:36:31;-0.47;-80.85;40; ;mb;4.7;NEAR COAST OF ECUADOR;2016-04-23 16:08;502309;
2016-04-22;14:31:37;-6.93;155.85;98; ;M ;4.9;BOUGAINVILLE REGION, P.N.G.;2016-04-22 14:40;502300;
2016-04-22;13:26:19;-2.73;-80.09;52; ;Mw;4.9;NEAR COAST OF ECUADOR;2016-04-22 17:41;502292;
2016-04-22;08:54:29;14.80;-87.58;20; ;mb;4.5;HONDURAS;2016-04-22 14:52;502264;
2016-04-22;08:52:24;-0.24;-80.58;49; ;mb;4.8;NEAR COAST OF ECUADOR;2016-04-22 09:42;502263;
2016-04-22;07:28:44;-29.48;-111.87;10;f;Mw;4.8;EASTER ISLAND REGION;2016-04-22 14:52;502247;
2016-04-22;05:28:23;40.56;144.73;20;f;mb;4.6;OFF EAST COAST OF HONSHU, JAPAN;2016-04-22 06:50;502230;
2016-04-22;04:47:49;-7.15;129.74;164; ;mb;5.0;KEPULAUAN BABAR, INDONESIA;2016-04-22 06:49;502224;
2016-04-22;04:31:33;-0.32;-80.52;10; ;mb;5.0;NEAR COAST OF ECUADOR;2016-04-22 06:48;502222;
2016-04-22;03:20:12;-0.27;-80.57;10;f;Mw;5.9;NEAR COAST OF ECUADOR;2016-04-25 06:39;502210;
2016-04-22;03:03:41;-0.25;-80.48;10; ;Mw;6.1;NEAR COAST OF ECUADOR;2016-04-22 06:42;502206;
2016-04-22;02:43:06;10.05;93.87;44; ;mb;4.6;ANDAMAN ISLANDS, INDIA REGION;2016-04-22 03:48;502212;
2016-04-21;18:53:01;-14.53;166.39;10; ;mb;5.1;VANUATU;2016-04-22 06:39;502131;
2016-04-21;18:07:42;-22.35;-67.46;156; ;Mw;5.1;POTOSI, BOLIVIA;2016-04-22 06:37;502115;
2016-04-21;14:28:14;-3.80;142.76;60; ;Mw;5.2;NEAR N COAST OF NEW GUINEA, PNG.;2016-04-22 06:36;502085;
2016-04-21;12:31:15;-0.16;-80.26;10;f;mb;4.5;NEAR COAST OF ECUADOR;2016-04-21 14:08;502067;
2016-04-21;12:21:40;13.14;50.83;10;f;mb;4.5;GULF OF ADEN;2016-04-22 06:35;502068;
2016-04-20;22:43:52;-18.09;-179.37;624; ;mb;4.5;FIJI REGION;2016-04-21 06:39;501967;
2016-04-20;22:31:30;-0.44;-80.79;20; ;mb;4.8;NEAR COAST OF ECUADOR;2016-04-21 06:39;501966;
2016-04-20;21:30:07;0.58;-79.93;40; ;mb;4.9;NEAR COAST OF ECUADOR;2016-04-21 06:38;501960;
2016-04-20;20:44:42;2.46;96.22;40; ;mb;4.9;SIMEULUE, INDONESIA;2016-04-21 06:37;501956;
2016-04-20;20:16:52;33.17;131.44;10; ;mb;4.5;KYUSHU, JAPAN;2016-04-21 06:36;501963;
2016-04-20;20:13:01;12.98;-88.73;68; ;mb;4.5;OFFSHORE EL SALVADOR;2016-04-21 06:36;501957;
2016-04-20;19:36:15;-12.49;166.52;61; ;mb;4.6;SANTA CRUZ ISLANDS;2016-04-20 20:47;501954;
2016-04-20;17:31:19;-2.11;100.64;72; ;mb;4.6;KEP. MENTAWAI REGION, INDONESIA;2016-04-21 06:35;501934;
2016-04-20;16:39:57;30.70;132.56;33; ;mb;4.5;SOUTHEAST OF SHIKOKU, JAPAN;2016-05-05 04:29;504589;
2016-04-20;16:30:53;-0.21;-80.46;10;f;mb;4.7;NEAR COAST OF ECUADOR;2016-04-21 06:34;501924;
2016-04-20;16:20:36;0.71;-80.20;10;f;mb;4.7;NEAR COAST OF ECUADOR;2016-04-21 06:33;501923;
2016-04-20;16:03:30;5.65;126.67;100; ;mb;4.9;MINDANAO, PHILIPPINES;2016-04-21 06:33;501922;
2016-04-20;14:22:05;-16.98;-173.92;82; ;mb;4.5;TONGA;2016-04-28 22:42;503483;
2016-04-20;12:19:45;37.83;141.60;45;f;Mw;5.8;NEAR EAST COAST OF HONSHU, JAPAN;2016-04-20 13:34;501892;
2016-04-20;11:33:30;-19.27;-177.27;359; ;mb;5.4;FIJI REGION;2016-04-20 13:07;501885;
2016-04-20;11:23:23;-0.16;-80.40;10;f;mb;4.7;NEAR COAST OF ECUADOR;2016-04-20 13:07;501883;
2016-04-20;11:02:50;36.22;71.22;88; ;mb;4.5;HINDU KUSH REGION, AFGHANISTAN;2016-04-20 14:47;501886;
2016-04-20;10:51:39;13.25;-55.96;10;f;Mw;5.6;NORTH ATLANTIC OCEAN;2016-04-20 13:06;501878;
2016-04-20;10:41:55;-5.22;153.30;50;f;mb;5.1;NEW IRELAND REGION, P.N.G.;2016-04-20 11:46;501877;
2016-04-20;09:13:16;0.56;-80.08;10;f;mb;4.6;NEAR COAST OF ECUADOR;2016-04-20 11:47;501867;
2016-04-20;08:35:10;0.71;-80.01;10;f;Mw;6.0;NEAR COAST OF ECUADOR;2016-04-21 00:17;501976;
2016-04-20;08:33:46;0.67;-80.17;15;f;Mw;6.1;NEAR COAST OF ECUADOR;2016-04-20 09:21;501864;
2016-04-20;08:25:06;0.68;-80.28;10; ;mb;4.6;NEAR COAST OF ECUADOR;2016-04-20 11:51;501863;
2016-04-20;07:12:30;-14.56;166.17;10; ;Mw;5.3;VANUATU;2016-04-20 11:52;501858;
2016-04-20;05:40:42;51.88;178.69;109; ;mb;4.6;RAT ISLANDS, ALEUTIAN ISLANDS;2016-04-20 11:52;501859;
2016-04-20;03:28:26;36.51;70.31;224; ;mb;4.8;HINDU KUSH REGION, AFGHANISTAN;2016-04-20 06:59;501837;
2016-04-20;01:05:41;-16.15;167.93;179; ;mb;4.9;VANUATU;2016-04-20 06:58;501820;
2016-04-20;00:19:49;-18.09;-178.55;630; ;mb;4.8;FIJI REGION;2016-04-20 06:54;501814;
2016-04-20;00:05:48;-55.66;-27.07;26; ;mb;4.6;SOUTH SANDWICH ISLANDS REGION;2016-05-04 23:55;504565;
2016-04-19;22:22:26;0.56;-80.03;20;f;Mw;5.7;NEAR COAST OF ECUADOR;2016-04-20 06:48;501802;
2016-04-19;20:53:04;36.68;140.76;82; ;mb;4.5;NEAR EAST COAST OF HONSHU, JAPAN;2016-04-21 14:44;502087;
2016-04-19;20:32:57;10.24;93.70;10;f;mb;5.3;ANDAMAN ISLANDS, INDIA REGION;2016-04-20 06:47;501793;
2016-04-19;20:22:43;41.51;49.34;65; ;mb;4.5;CASPIAN SEA, OFFSHORE AZERBAIJAN;2016-04-20 06:46;501790;
2016-04-19;19:21:23;13.75;-90.67;70; ;Mw;4.5;OFFSHORE GUATEMALA;2016-04-20 06:44;501781;
2016-04-19;17:17:36;8.06;126.60;94; ;Mw;4.9;MINDANAO, PHILIPPINES;2016-04-20 06:39;501765;
2016-04-19;17:12:57;-1.28;-80.87;48; ;Mw;4.7;NEAR COAST OF ECUADOR;2016-04-20 06:38;501774;
2016-04-19;16:37:19;-30.68;-71.82;28; ;mb;4.5;OFFSHORE COQUIMBO, CHILE;2016-04-19 19:03;501779;
2016-04-19;16:16:34;23.95;122.62;10;f;mb;4.6;TAIWAN REGION;2016-04-20 06:34;501778;
2016-04-19;15:00:19;-19.54;-176.00;252; ;mb;4.6;FIJI REGION;2016-04-20 06:33;501753;
2016-04-19;13:03:48;-53.07;139.85;15; ;mb;4.5;WEST OF MACQUARIE ISLAND;2016-04-19 14:06;501743;
2016-04-19;12:35:36;-14.25;166.12;10; ;mb;4.9;VANUATU;2016-04-20 06:32;501740;
2016-04-19;11:47:04;32.62;130.52;10;f;Mw;4.8;KYUSHU, JAPAN;2016-04-19 13:09;501733;
2016-04-19;10:40:48;-14.22;166.16;10;f;mb;4.9;VANUATU;2016-04-19 13:09;501724;
2016-04-19;10:05:33;35.62;140.88;20; ;mb;4.5;NEAR EAST COAST OF HONSHU, JAPAN;2016-04-21 06:31;501745;
2016-04-19;08:52:14;32.56;130.56;5; ;Mw;5.3;KYUSHU, JAPAN;2016-04-19 13:08;501712;
2016-04-19;07:23:14;30.84;138.57;375; ;mb;4.6;IZU ISLANDS, JAPAN REGION;2016-04-19 09:41;501691;
2016-04-19;05:25:41;-55.77;-27.43;20;f;Mw;6.3;SOUTH SANDWICH ISLANDS REGION;2016-04-19 06:51;501677;
2016-04-19;04:18:21;-55.73;-27.17;30;f;Mw;5.4;SOUTH SANDWICH ISLANDS REGION;2016-04-19 06:49;501673;
2016-04-19;02:46:57;26.50;130.21;10;f;mb;5.1;SOUTHEAST OF RYUKYU ISLANDS;2016-04-19 06:43;501660;
2016-04-19;02:03:15;-0.24;-80.73;10;f;mb;5.0;NEAR COAST OF ECUADOR;2016-04-19 06:42;501653;
2016-04-19;02:02:38;33.44;138.93;245; ;mb;4.5;IZU ISLANDS, JAPAN REGION;2016-04-19 06:42;501654;
2016-04-18;21:56:47;-33.51;77.68;10;f;mb;4.8;MID-INDIAN RIDGE;2016-04-18 22:22;501596;
2016-04-18;21:15:53;-0.07;-80.87;10; ;mb;5.0;NEAR COAST OF ECUADOR;2016-04-19 06:39;501587;
2016-04-18;20:34:27;-25.76;-179.74;519; ;mb;4.5;SOUTH OF FIJI ISLANDS;2016-04-18 21:18;501585;
2016-04-18;20:32:45;42.22;142.98;60; ;mb;4.5;HOKKAIDO, JAPAN REGION;2016-04-19 06:38;501581;
2016-04-18;19:12:37;-0.98;-80.81;10;f;mb;4.6;NEAR COAST OF ECUADOR;2016-04-19 06:37;501579;
2016-04-18;18:38:10;-0.97;-80.84;10; ;Mw;5.4;NEAR COAST OF ECUADOR;2016-04-19 06:36;501544;
2016-04-18;17:07:33;-0.33;-80.60;10;f;mb;4.5;NEAR COAST OF ECUADOR;2016-04-19 06:35;501546;
2016-04-18;15:29:53;12.91;92.36;33; ;mb;4.7;ANDAMAN ISLANDS, INDIA REGION;2016-04-19 06:35;501534;
2016-04-18;13:25:44;-0.23;-80.31;10;f;mb;5.1;NEAR COAST OF ECUADOR;2016-04-19 06:34;501521;
2016-04-18;13:06:10;-19.48;169.11;72; ;Mw;5.9;VANUATU;2016-04-18 13:40;501518;
2016-04-18;11:41:59;33.03;131.09;10; ;Mw;5.5;KYUSHU, JAPAN;2016-04-18 15:03;501509;
2016-04-18;11:38:38;-31.74;-71.18;48; ;Mw;5.2;COQUIMBO, CHILE;2016-04-18 12:52;501507;
2016-04-18;09:52:44;-1.77;138.72;20; ;mb;4.8;NEAR N COAST OF PAPUA, INDONESIA;2016-04-18 15:03;501464;
2016-04-18;07:39:03;-9.61;121.01;89; ;mb;4.6;SAVU SEA;2016-04-18 07:59;501443;
2016-04-18;04:25:59;-29.52;-71.05;40; ;mb;4.6;COQUIMBO, CHILE;2016-04-18 11:27;501404;
2016-04-18;04:16:41;-17.19;-174.36;61; ;mb;4.5;TONGA;2016-05-03 02:32;504222;
2016-04-17;23:44:50;-6.61;131.52;81; ;mb;4.5;KEP. TANIMBAR REGION, INDONESIA;2016-04-18 11:04;501497;
2016-04-17;23:35:43;32.93;130.73;10; ;mb;4.6;KYUSHU, JAPAN;2016-04-18 06:43;501368;
2016-04-17;20:24:01;0.57;-79.90;10;f;mb;4.6;NEAR COAST OF ECUADOR;2016-04-17 20:54;501338;
2016-04-17;19:33:46;-58.03;-25.40;60;f;mb;5.1;SOUTH SANDWICH ISLANDS REGION;2016-04-18 06:40;501331;
2016-04-17;19:07:40;1.19;126.87;60; ;mb;4.5;MOLUCCA SEA;2016-04-18 06:38;501328;
2016-04-17;18:24:20;0.00;123.41;146; ;mb;4.5;MINAHASA, SULAWESI, INDONESIA;2016-04-18 06:37;501326;
2016-04-17;17:19:00;12.64;-88.10;69; ;mb;4.8;OFFSHORE EL SALVADOR;2016-04-18 06:37;501325;
2016-04-17;16:17:15;69.15;-53.56;10;f;mb;4.5;WESTERN GREENLAND;2016-04-18 06:36;501317;
2016-04-17;14:59:45;-30.76;-71.43;46; ;mb;4.8;COQUIMBO, CHILE;2016-04-18 06:35;501311;
2016-04-17;12:15:29;-8.27;124.50;40; ;mb;4.7;KEPULAUAN ALOR, INDONESIA;2016-04-17 14:32;501277;
2016-04-17;11:34:40;35.76;140.30;60; ;mb;4.5;NEAR EAST COAST OF HONSHU, JAPAN;2016-04-18 11:29;501275;
2016-04-17;10:23:41;32.66;130.58;10; ;mb;4.7;KYUSHU, JAPAN;2016-04-17 14:36;501255;
2016-04-17;09:23:40;-0.25;-80.66;10;f;Mw;5.6;NEAR COAST OF ECUADOR;2016-04-17 14:38;501239;
2016-04-17;09:19:39;-17.52;-178.44;547; ;mb;5.0;FIJI REGION;2016-04-17 14:39;501240;
2016-04-17;08:52:27;-0.52;-80.77;10;f;mb;4.7;NEAR COAST OF ECUADOR;2016-04-17 14:40;501237;
2016-04-17;07:31:00;-23.59;-174.43;15;f;Mw;5.9;TONGA REGION;2016-04-17 14:42;501232;
2016-04-17;07:13:59;-0.39;-80.21;20;f;Mw;5.8;NEAR COAST OF ECUADOR;2016-04-18 06:56;501231;
2016-04-17;06:32:43;13.89;-92.20;53; ;mb;4.5;OFFSHORE GUATEMALA;2016-04-18 11:28;501224;
2016-04-17;05:42:51;0.28;-80.41;10;f;mb;4.7;NEAR COAST OF ECUADOR;2016-04-17 14:44;501215;
2016-04-17;04:02:08;-0.26;-80.62;10;f;mb;4.8;NEAR COAST OF ECUADOR;2016-04-17 05:37;501203;
2016-04-17;03:05:33;0.33;-80.26;10;f;mb;4.6;NEAR COAST OF ECUADOR;2016-04-17 05:43;501195;
2016-04-17;02:18:00;-0.25;-80.26;10;f;mb;5.0;NEAR COAST OF ECUADOR;2016-04-17 05:44;501182;
2016-04-17;00:59:06;0.38;-80.37;30; ;mb;4.5;NEAR COAST OF ECUADOR;2016-04-17 05:44;501191;
2016-04-17;00:29:33;-0.22;-80.44;18; ;mb;5.4;NEAR COAST OF ECUADOR;2016-04-17 05:46;501164;
